<application>
  <component name="LocalDatabaseDriverManager" version="201">
    <driver id="mongo.4">
      <artifact id="MongoDB" name="MongoDB" use="true" version="1.20" />
    </driver>
    <driver id="sqlserver.ms">
      <artifact id="SQL Server" name="SQL Server" use="true" version="12.8.1" />
    </driver>
    <driver id="mysql.8">
      <artifact />
      <artifact id="MySQL ConnectorJ" name="MySQL ConnectorJ" use="true" version="8.2.0" />
    </driver>
    <driver id="java.sql.Driver" name="User Driver" driver-class="java.sql.Driver" />
  </component>
</application>