<application>
  <component name="CodeInsightSettings">
    <option name="REFORMAT_BLOCK_ON_RBRACE" value="false" />
    <option name="REFORMAT_ON_PASTE" value="1" />
  </component>
  <component name="DeclarativeInlayHintsSettings">
    <option name="providerIdToEnabled">
      <map>
        <entry key="sql.column.names.inlay.hints" value="false" />
      </map>
    </option>
  </component>
  <component name="EditorSettings">
    <option name="USE_SOFT_WRAPS" value="CONSOLE:PREVIEW" />
    <option name="IS_RIGHT_MARGIN_SHOWN" value="false" />
    <option name="IS_DND_ENABLED" value="false" />
  </component>
</application>