<application>
  <component name="ProjectManager">
    <defaultProject>
      <component name="PropertiesComponent"><![CDATA[{
  "keyToString": {
    "settings.editor.selected.configurable": "preferences.sourceCode.MS SQL Server, MS Azure"
  }
}]]></component>
      <component name="VcsDirectoryMappings" defaultProject="true" />
      <component name="WindowStateProjectService">
        <state x="1730" y="37" width="971" height="1563" key="SettingsEditor" timestamp="1732020899204">
          <screen x="0" y="0" width="3840" height="1600" />
        </state>
        <state x="1730" y="37" width="971" height="1563" key="SettingsEditor/0.0.3840.1600" timestamp="1732020899204" />
      </component>
    </defaultProject>
  </component>
</application>