<application>
  <component name="UISettings">
    <option name="ACTIVATE_MRU_EDITOR_ON_CLOSE" value="true" />
    <option name="EDITOR_TAB_LIMIT" value="50" />
    <option name="FULL_PATHS_IN_TITLE_BAR" value="true" />
    <option name="HIDE_TABS_IF_NEED" value="false" />
    <option name="LEFT_HORIZONTAL_SPLIT" value="true" />
    <option name="OPEN_TABS_AT_THE_END" value="true" />
    <option name="SHOW_PINNED_TABS_IN_A_SEPARATE_ROW" value="true" />
    <option name="SHOW_PREVIEW_IN_SEARCH_EVERYWHERE" value="true" />
  </component>
</application>