<application>
  <component name="DimensionService">
    <location key="GridCell.Tab.2.left.0.0.3440.1440" x="45" y="297" />
    <location key="GridCell.Tab.2.center.0.0.3440.1440" x="45" y="297" />
    <location key="GridCell.Tab.2.right.0.0.3440.1440" x="45" y="297" />
    <location key="GridCell.Tab.2.bottom.0.0.3440.1440" x="45" y="297" />
    <location key="GridCell.Tab.4.left.0.0.3440.1440" x="1795" y="42" />
    <location key="GridCell.Tab.4.center.0.0.3440.1440" x="1795" y="42" />
    <location key="GridCell.Tab.4.right.0.0.3440.1440" x="1795" y="42" />
    <location key="GridCell.Tab.4.bottom.0.0.3440.1440" x="1795" y="42" />
    <location key="GridCell.Tab.1.left.0.0.3440.1440" x="1714" y="42" />
    <location key="GridCell.Tab.1.center.0.0.3440.1440" x="1714" y="42" />
    <location key="GridCell.Tab.1.right.0.0.3440.1440" x="1714" y="42" />
    <location key="GridCell.Tab.1.bottom.0.0.3440.1440" x="1714" y="42" />
    <location key="GridCell.Tab.3.left.0.0.3440.1440" x="1795" y="42" />
    <location key="GridCell.Tab.3.center.0.0.3440.1440" x="1795" y="42" />
    <location key="GridCell.Tab.3.right.0.0.3440.1440" x="1795" y="42" />
    <location key="GridCell.Tab.3.bottom.0.0.3440.1440" x="1795" y="42" />
    <location key="find.popup.0.0.3840.1600" x="1238" y="240" />
    <location key="GridCell.Tab.2.left.0.0.3840.1600" x="-5" y="42" />
    <location key="GridCell.Tab.2.center.0.0.3840.1600" x="-5" y="42" />
    <location key="GridCell.Tab.2.right.0.0.3840.1600" x="-5" y="42" />
    <location key="GridCell.Tab.2.bottom.0.0.3840.1600" x="-5" y="42" />
    <location key="GridCell.Tab.3.left.0.0.3840.1600" x="-5" y="857" />
    <location key="GridCell.Tab.3.center.0.0.3840.1600" x="-5" y="857" />
    <location key="GridCell.Tab.3.right.0.0.3840.1600" x="-5" y="857" />
    <location key="GridCell.Tab.3.bottom.0.0.3840.1600" x="-5" y="857" />
    <location key="find.popup.0.0.3440.1440" x="1109" y="216" />
    <location key="GridCell.Tab.1.left.0.0.3840.1600" x="-5" y="42" />
    <location key="GridCell.Tab.1.center.0.0.3840.1600" x="-5" y="42" />
    <location key="GridCell.Tab.1.right.0.0.3840.1600" x="-5" y="42" />
    <location key="GridCell.Tab.1.bottom.0.0.3840.1600" x="-5" y="42" />
    <location key="GridCell.Tab.-1.left.0.0.3840.1600" x="-5" y="611" />
    <location key="GridCell.Tab.-1.center.0.0.3840.1600" x="-5" y="611" />
    <location key="GridCell.Tab.-1.right.0.0.3840.1600" x="-5" y="611" />
    <location key="GridCell.Tab.-1.bottom.0.0.3840.1600" x="-5" y="611" />
    <size key="GridCell.Tab.0.left.0.0.3840.1600" width="2183" height="790" />
    <size key="GridCell.Tab.0.center.0.0.3840.1600" width="2183" height="790" />
    <size key="GridCell.Tab.0.right.0.0.3840.1600" width="2183" height="790" />
    <size key="GridCell.Tab.0.bottom.0.0.3840.1600" width="2183" height="790" />
    <size key="GridCell.Tab.1.left.0.0.3840.1600" width="2183" height="790" />
    <size key="GridCell.Tab.1.center.0.0.3840.1600" width="2183" height="790" />
    <size key="GridCell.Tab.1.right.0.0.3840.1600" width="2183" height="790" />
    <size key="GridCell.Tab.1.bottom.0.0.3840.1600" width="2183" height="790" />
    <size key="GridCell.Tab.2.left.0.0.3840.1600" width="2176" height="377" />
    <size key="GridCell.Tab.2.center.0.0.3840.1600" width="2176" height="377" />
    <size key="GridCell.Tab.2.right.0.0.3840.1600" width="2176" height="377" />
    <size key="GridCell.Tab.2.bottom.0.0.3840.1600" width="2176" height="377" />
    <size key="GridCell.Tab.3.left.0.0.3840.1600" width="2176" height="377" />
    <size key="GridCell.Tab.3.center.0.0.3840.1600" width="2176" height="377" />
    <size key="GridCell.Tab.3.right.0.0.3840.1600" width="2176" height="377" />
    <size key="GridCell.Tab.3.bottom.0.0.3840.1600" width="2176" height="377" />
    <size key="GridCell.Tab.4.left.0.0.3840.1600" width="3795" height="559" />
    <size key="GridCell.Tab.4.center.0.0.3840.1600" width="3795" height="559" />
    <size key="GridCell.Tab.4.right.0.0.3840.1600" width="3795" height="559" />
    <size key="GridCell.Tab.4.bottom.0.0.3840.1600" width="3795" height="559" />
    <size key="GridCell.Tab.5.left.0.0.3840.1600" width="3795" height="633" />
    <size key="GridCell.Tab.5.center.0.0.3840.1600" width="3795" height="633" />
    <size key="GridCell.Tab.5.right.0.0.3840.1600" width="3795" height="633" />
    <size key="GridCell.Tab.5.bottom.0.0.3840.1600" width="3795" height="633" />
    <size key="GridCell.Tab.6.left.0.0.3840.1600" width="3795" height="429" />
    <size key="GridCell.Tab.6.center.0.0.3840.1600" width="3795" height="429" />
    <size key="GridCell.Tab.6.right.0.0.3840.1600" width="3795" height="429" />
    <size key="GridCell.Tab.6.bottom.0.0.3840.1600" width="3795" height="429" />
    <size key="GridCell.Tab.8.left.0.0.3840.1600" width="3713" height="685" />
    <size key="GridCell.Tab.8.center.0.0.3840.1600" width="3713" height="685" />
    <size key="GridCell.Tab.8.right.0.0.3840.1600" width="3713" height="685" />
    <size key="GridCell.Tab.8.bottom.0.0.3840.1600" width="3713" height="685" />
    <size key="GridCell.Tab.9.left.0.0.3840.1600" width="3713" height="713" />
    <size key="GridCell.Tab.9.center.0.0.3840.1600" width="3713" height="713" />
    <size key="GridCell.Tab.9.right.0.0.3840.1600" width="3713" height="713" />
    <size key="GridCell.Tab.9.bottom.0.0.3840.1600" width="3713" height="713" />
    <size key="GridCell.Tab.10.left.0.0.3840.1600" width="3713" height="713" />
    <size key="GridCell.Tab.10.center.0.0.3840.1600" width="3713" height="713" />
    <size key="GridCell.Tab.10.right.0.0.3840.1600" width="3713" height="713" />
    <size key="GridCell.Tab.10.bottom.0.0.3840.1600" width="3713" height="713" />
    <size key="GridCell.Tab.11.left.0.0.3840.1600" width="3795" height="530" />
    <size key="GridCell.Tab.11.center.0.0.3840.1600" width="3795" height="530" />
    <size key="GridCell.Tab.11.right.0.0.3840.1600" width="3795" height="530" />
    <size key="GridCell.Tab.11.bottom.0.0.3840.1600" width="3795" height="530" />
    <size key="GridCell.Tab.12.left.0.0.3840.1600" width="3799" height="485" />
    <size key="GridCell.Tab.12.center.0.0.3840.1600" width="3799" height="485" />
    <size key="GridCell.Tab.12.right.0.0.3840.1600" width="3799" height="485" />
    <size key="GridCell.Tab.12.bottom.0.0.3840.1600" width="3799" height="485" />
    <size key="GridCell.Tab.13.left.0.0.3840.1600" width="3799" height="485" />
    <size key="GridCell.Tab.13.center.0.0.3840.1600" width="3799" height="485" />
    <size key="GridCell.Tab.13.right.0.0.3840.1600" width="3799" height="485" />
    <size key="GridCell.Tab.13.bottom.0.0.3840.1600" width="3799" height="485" />
    <size key="GridCell.Tab.15.left.0.0.3840.1600" width="3795" height="509" />
    <size key="GridCell.Tab.15.center.0.0.3840.1600" width="3795" height="509" />
    <size key="GridCell.Tab.15.right.0.0.3840.1600" width="3795" height="509" />
    <size key="GridCell.Tab.15.bottom.0.0.3840.1600" width="3795" height="509" />
    <size key="GridCell.Tab.16.left.0.0.3840.1600" width="3795" height="509" />
    <size key="GridCell.Tab.16.center.0.0.3840.1600" width="3795" height="509" />
    <size key="GridCell.Tab.16.right.0.0.3840.1600" width="3795" height="509" />
    <size key="GridCell.Tab.16.bottom.0.0.3840.1600" width="3795" height="509" />
    <size key="GridCell.Tab.17.left.0.0.3840.1600" width="2257" height="509" />
    <size key="GridCell.Tab.17.center.0.0.3840.1600" width="2257" height="509" />
    <size key="GridCell.Tab.17.right.0.0.3840.1600" width="2257" height="509" />
    <size key="GridCell.Tab.17.bottom.0.0.3840.1600" width="2257" height="509" />
    <size key="GridCell.Tab.18.left.0.0.3840.1600" width="3795" height="374" />
    <size key="GridCell.Tab.18.center.0.0.3840.1600" width="3795" height="374" />
    <size key="GridCell.Tab.18.right.0.0.3840.1600" width="3795" height="374" />
    <size key="GridCell.Tab.18.bottom.0.0.3840.1600" width="3795" height="374" />
    <size key="GridCell.Tab.19.left.0.0.3840.1600" width="3713" height="492" />
    <size key="GridCell.Tab.19.center.0.0.3840.1600" width="3713" height="492" />
    <size key="GridCell.Tab.19.right.0.0.3840.1600" width="3713" height="492" />
    <size key="GridCell.Tab.19.bottom.0.0.3840.1600" width="3713" height="492" />
    <size key="GridCell.Tab.2.left.0.0.1920.1080" width="1793" height="401" />
    <size key="GridCell.Tab.2.center.0.0.1920.1080" width="1793" height="401" />
    <size key="GridCell.Tab.2.right.0.0.1920.1080" width="1793" height="401" />
    <size key="GridCell.Tab.2.bottom.0.0.1920.1080" width="1793" height="401" />
    <size key="GridCell.Tab.0.left.0.0.1920.1080" width="1793" height="401" />
    <size key="GridCell.Tab.0.center.0.0.1920.1080" width="1793" height="401" />
    <size key="GridCell.Tab.0.right.0.0.1920.1080" width="1793" height="401" />
    <size key="GridCell.Tab.0.bottom.0.0.1920.1080" width="1793" height="401" />
    <size key="GridCell.Tab.1.left.0.0.1920.1080" width="1793" height="401" />
    <size key="GridCell.Tab.1.center.0.0.1920.1080" width="1793" height="401" />
    <size key="GridCell.Tab.1.right.0.0.1920.1080" width="1793" height="401" />
    <size key="GridCell.Tab.1.bottom.0.0.1920.1080" width="1793" height="401" />
    <size key="GridCell.Tab.17.left.0.0.1920.1080" width="1874" height="325" />
    <size key="GridCell.Tab.17.center.0.0.1920.1080" width="1874" height="325" />
    <size key="GridCell.Tab.17.right.0.0.1920.1080" width="1874" height="325" />
    <size key="GridCell.Tab.17.bottom.0.0.1920.1080" width="1874" height="325" />
    <size key="GridCell.Tab.18.left.0.0.1920.1080" width="1874" height="325" />
    <size key="GridCell.Tab.18.center.0.0.1920.1080" width="1874" height="325" />
    <size key="GridCell.Tab.18.right.0.0.1920.1080" width="1874" height="325" />
    <size key="GridCell.Tab.18.bottom.0.0.1920.1080" width="1874" height="325" />
    <size key="GridCell.Tab.-1.left.0.0.1920.1080" width="1874" height="325" />
    <size key="GridCell.Tab.-1.center.0.0.1920.1080" width="1874" height="325" />
    <size key="GridCell.Tab.-1.right.0.0.1920.1080" width="1874" height="325" />
    <size key="GridCell.Tab.-1.bottom.0.0.1920.1080" width="1874" height="325" />
    <size key="GridCell.Tab.3.left.0.0.1920.1080" width="1793" height="401" />
    <size key="GridCell.Tab.3.center.0.0.1920.1080" width="1793" height="401" />
    <size key="GridCell.Tab.3.right.0.0.1920.1080" width="1793" height="401" />
    <size key="GridCell.Tab.3.bottom.0.0.1920.1080" width="1793" height="401" />
    <size key="GridCell.Tab.4.left.0.0.1920.1080" width="1875" height="380" />
    <size key="GridCell.Tab.4.center.0.0.1920.1080" width="1875" height="380" />
    <size key="GridCell.Tab.4.right.0.0.1920.1080" width="1875" height="380" />
    <size key="GridCell.Tab.4.bottom.0.0.1920.1080" width="1875" height="380" />
    <size key="GridCell.Tab.0.left.0.0.3440.1440" width="3313" height="1080" />
    <size key="GridCell.Tab.0.center.0.0.3440.1440" width="3313" height="1080" />
    <size key="GridCell.Tab.0.right.0.0.3440.1440" width="3313" height="1080" />
    <size key="GridCell.Tab.0.bottom.0.0.3440.1440" width="3313" height="1080" />
    <size key="GridCell.Tab.1.left.0.0.3440.1440" width="3313" height="685" />
    <size key="GridCell.Tab.1.center.0.0.3440.1440" width="3313" height="685" />
    <size key="GridCell.Tab.1.right.0.0.3440.1440" width="3313" height="685" />
    <size key="GridCell.Tab.1.bottom.0.0.3440.1440" width="3313" height="685" />
    <size key="GridCell.Tab.18.left.0.0.3440.1440" width="3395" height="754" />
    <size key="GridCell.Tab.18.center.0.0.3440.1440" width="3395" height="754" />
    <size key="GridCell.Tab.18.right.0.0.3440.1440" width="3395" height="754" />
    <size key="GridCell.Tab.18.bottom.0.0.3440.1440" width="3395" height="754" />
    <size key="GridCell.Tab.2.left.0.0.3440.1440" width="3313" height="394" />
    <size key="GridCell.Tab.2.center.0.0.3440.1440" width="3313" height="394" />
    <size key="GridCell.Tab.2.right.0.0.3440.1440" width="3313" height="394" />
    <size key="GridCell.Tab.2.bottom.0.0.3440.1440" width="3313" height="394" />
    <size key="GridCell.Tab.3.left.0.0.3440.1440" width="3313" height="394" />
    <size key="GridCell.Tab.3.center.0.0.3440.1440" width="3313" height="394" />
    <size key="GridCell.Tab.3.right.0.0.3440.1440" width="3313" height="394" />
    <size key="GridCell.Tab.3.bottom.0.0.3440.1440" width="3313" height="394" />
    <size key="GridCell.Tab.19.left.0.0.3440.1440" width="3395" height="754" />
    <size key="GridCell.Tab.19.center.0.0.3440.1440" width="3395" height="754" />
    <size key="GridCell.Tab.19.right.0.0.3440.1440" width="3395" height="754" />
    <size key="GridCell.Tab.19.bottom.0.0.3440.1440" width="3395" height="754" />
    <size key="GridCell.Tab.-1.left.0.0.3440.1440" width="1594" height="637" />
    <size key="GridCell.Tab.-1.center.0.0.3440.1440" width="1594" height="637" />
    <size key="GridCell.Tab.-1.right.0.0.3440.1440" width="1594" height="637" />
    <size key="GridCell.Tab.-1.bottom.0.0.3440.1440" width="1594" height="637" />
    <size key="GridCell.Tab.4.left.0.0.3440.1440" width="3313" height="637" />
    <size key="GridCell.Tab.4.center.0.0.3440.1440" width="3313" height="637" />
    <size key="GridCell.Tab.4.right.0.0.3440.1440" width="3313" height="637" />
    <size key="GridCell.Tab.4.bottom.0.0.3440.1440" width="3313" height="637" />
    <size key="GridCell.Tab.20.left.0.0.3440.1440" width="3395" height="754" />
    <size key="GridCell.Tab.20.center.0.0.3440.1440" width="3395" height="754" />
    <size key="GridCell.Tab.20.right.0.0.3440.1440" width="3395" height="754" />
    <size key="GridCell.Tab.20.bottom.0.0.3440.1440" width="3395" height="754" />
    <size key="GridCell.Tab.21.left.0.0.3840.1600" width="3795" height="471" />
    <size key="GridCell.Tab.21.center.0.0.3840.1600" width="3795" height="471" />
    <size key="GridCell.Tab.21.right.0.0.3840.1600" width="3795" height="471" />
    <size key="GridCell.Tab.21.bottom.0.0.3840.1600" width="3795" height="471" />
    <size key="GridCell.Tab.22.left.0.0.3840.1600" width="3795" height="717" />
    <size key="GridCell.Tab.22.center.0.0.3840.1600" width="3795" height="717" />
    <size key="GridCell.Tab.22.right.0.0.3840.1600" width="3795" height="717" />
    <size key="GridCell.Tab.22.bottom.0.0.3840.1600" width="3795" height="717" />
    <size key="GridCell.Tab.21.left.0.0.3440.1440" width="3395" height="471" />
    <size key="GridCell.Tab.21.center.0.0.3440.1440" width="3395" height="471" />
    <size key="GridCell.Tab.21.right.0.0.3440.1440" width="3395" height="471" />
    <size key="GridCell.Tab.21.bottom.0.0.3440.1440" width="3395" height="471" />
    <size key="GridCell.Tab.22.left.0.0.3440.1440" width="3395" height="544" />
    <size key="GridCell.Tab.22.center.0.0.3440.1440" width="3395" height="544" />
    <size key="GridCell.Tab.22.right.0.0.3440.1440" width="3395" height="544" />
    <size key="GridCell.Tab.22.bottom.0.0.3440.1440" width="3395" height="544" />
    <size key="GridCell.Tab.23.left.0.0.3840.1600" width="3795" height="717" />
    <size key="GridCell.Tab.23.center.0.0.3840.1600" width="3795" height="717" />
    <size key="GridCell.Tab.23.right.0.0.3840.1600" width="3795" height="717" />
    <size key="GridCell.Tab.23.bottom.0.0.3840.1600" width="3795" height="717" />
    <size key="GridCell.Tab.23.left.0.0.3440.1440" width="3395" height="544" />
    <size key="GridCell.Tab.23.center.0.0.3440.1440" width="3395" height="544" />
    <size key="GridCell.Tab.23.right.0.0.3440.1440" width="3395" height="544" />
    <size key="GridCell.Tab.23.bottom.0.0.3440.1440" width="3395" height="544" />
    <size key="GridCell.Tab.24.left.0.0.3440.1440" width="3395" height="544" />
    <size key="GridCell.Tab.24.center.0.0.3440.1440" width="3395" height="544" />
    <size key="GridCell.Tab.24.right.0.0.3440.1440" width="3395" height="544" />
    <size key="GridCell.Tab.24.bottom.0.0.3440.1440" width="3395" height="544" />
    <size key="GridCell.Tab.5.left.0.0.3440.1440" width="3313" height="637" />
    <size key="GridCell.Tab.5.center.0.0.3440.1440" width="3313" height="637" />
    <size key="GridCell.Tab.5.right.0.0.3440.1440" width="3313" height="637" />
    <size key="GridCell.Tab.5.bottom.0.0.3440.1440" width="3313" height="637" />
    <size key="GridCell.Tab.6.left.0.0.3440.1440" width="2360" height="408" />
    <size key="GridCell.Tab.6.center.0.0.3440.1440" width="2360" height="408" />
    <size key="GridCell.Tab.6.right.0.0.3440.1440" width="2360" height="408" />
    <size key="GridCell.Tab.6.bottom.0.0.3440.1440" width="2360" height="408" />
    <size key="find.popup.0.0.3840.1600" width="867" height="656" />
    <size key="GridCell.Tab.6.left.0.0.1920.1080" width="1875" height="380" />
    <size key="GridCell.Tab.6.center.0.0.1920.1080" width="1875" height="380" />
    <size key="GridCell.Tab.6.right.0.0.1920.1080" width="1875" height="380" />
    <size key="GridCell.Tab.6.bottom.0.0.1920.1080" width="1875" height="380" />
    <size key="GridCell.Tab.21.left.0.0.1920.1080" width="1875" height="385" />
    <size key="GridCell.Tab.21.center.0.0.1920.1080" width="1875" height="385" />
    <size key="GridCell.Tab.21.right.0.0.1920.1080" width="1875" height="385" />
    <size key="GridCell.Tab.21.bottom.0.0.1920.1080" width="1875" height="385" />
    <size key="GridCell.Tab.24.left.0.0.3840.1600" width="1876" height="541" />
    <size key="GridCell.Tab.24.center.0.0.3840.1600" width="1876" height="541" />
    <size key="GridCell.Tab.24.right.0.0.3840.1600" width="1876" height="541" />
    <size key="GridCell.Tab.24.bottom.0.0.3840.1600" width="1876" height="541" />
    <size key="GridCell.Tab.26.left.0.0.3440.1440" width="3395" height="419" />
    <size key="GridCell.Tab.26.center.0.0.3440.1440" width="3395" height="419" />
    <size key="GridCell.Tab.26.right.0.0.3440.1440" width="3395" height="419" />
    <size key="GridCell.Tab.26.bottom.0.0.3440.1440" width="3395" height="419" />
    <size key="GridCell.Tab.27.left.0.0.3440.1440" width="3395" height="419" />
    <size key="GridCell.Tab.27.center.0.0.3440.1440" width="3395" height="419" />
    <size key="GridCell.Tab.27.right.0.0.3440.1440" width="3395" height="419" />
    <size key="GridCell.Tab.27.bottom.0.0.3440.1440" width="3395" height="419" />
    <size key="GridCell.Tab.28.left.0.0.3440.1440" width="3395" height="419" />
    <size key="GridCell.Tab.28.center.0.0.3440.1440" width="3395" height="419" />
    <size key="GridCell.Tab.28.right.0.0.3440.1440" width="3395" height="419" />
    <size key="GridCell.Tab.28.bottom.0.0.3440.1440" width="3395" height="419" />
    <size key="GridCell.Tab.29.left.0.0.3840.1600" width="1876" height="684" />
    <size key="GridCell.Tab.29.center.0.0.3840.1600" width="1876" height="684" />
    <size key="GridCell.Tab.29.right.0.0.3840.1600" width="1876" height="684" />
    <size key="GridCell.Tab.29.bottom.0.0.3840.1600" width="1876" height="684" />
    <size key="GridCell.Tab.30.left.0.0.3840.1600" width="2448" height="627" />
    <size key="GridCell.Tab.30.center.0.0.3840.1600" width="2448" height="627" />
    <size key="GridCell.Tab.30.right.0.0.3840.1600" width="2448" height="627" />
    <size key="GridCell.Tab.30.bottom.0.0.3840.1600" width="2448" height="627" />
    <size key="GridCell.Tab.31.left.0.0.3840.1600" width="1876" height="142" />
    <size key="GridCell.Tab.31.center.0.0.3840.1600" width="1876" height="142" />
    <size key="GridCell.Tab.31.right.0.0.3840.1600" width="1876" height="142" />
    <size key="GridCell.Tab.31.bottom.0.0.3840.1600" width="1876" height="142" />
    <size key="GridCell.Tab.32.left.0.0.3840.1600" width="2640" height="534" />
    <size key="GridCell.Tab.32.center.0.0.3840.1600" width="2640" height="534" />
    <size key="GridCell.Tab.32.right.0.0.3840.1600" width="2640" height="534" />
    <size key="GridCell.Tab.32.bottom.0.0.3840.1600" width="2640" height="534" />
    <size key="GridCell.Tab.30.left.0.0.3440.1440" width="1676" height="497" />
    <size key="GridCell.Tab.30.center.0.0.3440.1440" width="1676" height="497" />
    <size key="GridCell.Tab.30.right.0.0.3440.1440" width="1676" height="497" />
    <size key="GridCell.Tab.30.bottom.0.0.3440.1440" width="1676" height="497" />
    <size key="GridCell.Tab.31.left.0.0.3440.1440" width="1676" height="497" />
    <size key="GridCell.Tab.31.center.0.0.3440.1440" width="1676" height="497" />
    <size key="GridCell.Tab.31.right.0.0.3440.1440" width="1676" height="497" />
    <size key="GridCell.Tab.31.bottom.0.0.3440.1440" width="1676" height="497" />
    <size key="GridCell.Tab.-1.left.0.0.3840.1600" width="2086" height="431" />
    <size key="GridCell.Tab.-1.center.0.0.3840.1600" width="2086" height="431" />
    <size key="GridCell.Tab.-1.right.0.0.3840.1600" width="2086" height="431" />
    <size key="GridCell.Tab.-1.bottom.0.0.3840.1600" width="2086" height="431" />
    <size key="GridCell.Tab.33.left.0.0.3840.1600" width="3795" height="596" />
    <size key="GridCell.Tab.33.center.0.0.3840.1600" width="3795" height="596" />
    <size key="GridCell.Tab.33.right.0.0.3840.1600" width="3795" height="596" />
    <size key="GridCell.Tab.33.bottom.0.0.3840.1600" width="3795" height="596" />
    <size key="GridCell.Tab.33.left.0.0.3440.1440" width="3395" height="431" />
    <size key="GridCell.Tab.33.center.0.0.3440.1440" width="3395" height="431" />
    <size key="GridCell.Tab.33.right.0.0.3440.1440" width="3395" height="431" />
    <size key="GridCell.Tab.33.bottom.0.0.3440.1440" width="3395" height="431" />
    <size key="GridCell.Tab.34.left.0.0.3440.1440" width="1103" height="853" />
    <size key="GridCell.Tab.34.center.0.0.3440.1440" width="1103" height="853" />
    <size key="GridCell.Tab.34.right.0.0.3440.1440" width="1103" height="853" />
    <size key="GridCell.Tab.34.bottom.0.0.3440.1440" width="1103" height="853" />
    <size key="GridCell.Tab.34.left.0.0.3840.1600" width="3795" height="596" />
    <size key="GridCell.Tab.34.center.0.0.3840.1600" width="3795" height="596" />
    <size key="GridCell.Tab.34.right.0.0.3840.1600" width="3795" height="596" />
    <size key="GridCell.Tab.34.bottom.0.0.3840.1600" width="3795" height="596" />
    <size key="find.popup.0.0.3440.1440" width="720" height="560" />
    <size key="GridCell.Tab.35.left.0.0.3840.1600" width="3795" height="596" />
    <size key="GridCell.Tab.35.center.0.0.3840.1600" width="3795" height="596" />
    <size key="GridCell.Tab.35.right.0.0.3840.1600" width="3795" height="596" />
    <size key="GridCell.Tab.35.bottom.0.0.3840.1600" width="3795" height="596" />
    <size key="GridCell.Tab.36.left.0.0.3840.1600" width="1951" height="417" />
    <size key="GridCell.Tab.36.center.0.0.3840.1600" width="1951" height="417" />
    <size key="GridCell.Tab.36.right.0.0.3840.1600" width="1951" height="417" />
    <size key="GridCell.Tab.36.bottom.0.0.3840.1600" width="1951" height="417" />
    <size key="GridCell.Tab.37.left.0.0.3840.1600" width="1951" height="417" />
    <size key="GridCell.Tab.37.center.0.0.3840.1600" width="1951" height="417" />
    <size key="GridCell.Tab.37.right.0.0.3840.1600" width="1951" height="417" />
    <size key="GridCell.Tab.37.bottom.0.0.3840.1600" width="1951" height="417" />
    <size key="GridCell.Tab.36.left.0.0.3440.1440" width="1743" height="458" />
    <size key="GridCell.Tab.36.center.0.0.3440.1440" width="1743" height="458" />
    <size key="GridCell.Tab.36.right.0.0.3440.1440" width="1743" height="458" />
    <size key="GridCell.Tab.36.bottom.0.0.3440.1440" width="1743" height="458" />
    <size key="GridCell.Tab.38.left.0.0.3840.1600" width="1951" height="417" />
    <size key="GridCell.Tab.38.center.0.0.3840.1600" width="1951" height="417" />
    <size key="GridCell.Tab.38.right.0.0.3840.1600" width="1951" height="417" />
    <size key="GridCell.Tab.38.bottom.0.0.3840.1600" width="1951" height="417" />
    <size key="GridCell.Tab.39.left.0.0.3840.1600" width="1876" height="594" />
    <size key="GridCell.Tab.39.center.0.0.3840.1600" width="1876" height="594" />
    <size key="GridCell.Tab.39.right.0.0.3840.1600" width="1876" height="594" />
    <size key="GridCell.Tab.39.bottom.0.0.3840.1600" width="1876" height="594" />
    <size key="GridCell.Tab.39.left.0.0.3440.1440" width="3395" height="594" />
    <size key="GridCell.Tab.39.center.0.0.3440.1440" width="3395" height="594" />
    <size key="GridCell.Tab.39.right.0.0.3440.1440" width="3395" height="594" />
    <size key="GridCell.Tab.39.bottom.0.0.3440.1440" width="3395" height="594" />
    <size key="GridCell.Tab.40.left.0.0.3840.1600" width="1876" height="351" />
    <size key="GridCell.Tab.40.center.0.0.3840.1600" width="1876" height="351" />
    <size key="GridCell.Tab.40.right.0.0.3840.1600" width="1876" height="351" />
    <size key="GridCell.Tab.40.bottom.0.0.3840.1600" width="1876" height="351" />
    <size key="GridCell.Tab.40.left.0.0.3440.1440" width="1676" height="642" />
    <size key="GridCell.Tab.40.center.0.0.3440.1440" width="1676" height="642" />
    <size key="GridCell.Tab.40.right.0.0.3440.1440" width="1676" height="642" />
    <size key="GridCell.Tab.40.bottom.0.0.3440.1440" width="1676" height="642" />
    <size key="GridCell.Tab.41.left.0.0.3440.1440" width="3395" height="367" />
    <size key="GridCell.Tab.41.center.0.0.3440.1440" width="3395" height="367" />
    <size key="GridCell.Tab.41.right.0.0.3440.1440" width="3395" height="367" />
    <size key="GridCell.Tab.41.bottom.0.0.3440.1440" width="3395" height="367" />
    <size key="GridCell.Tab.42.left.0.0.3440.1440" width="1676" height="473" />
    <size key="GridCell.Tab.42.center.0.0.3440.1440" width="1676" height="473" />
    <size key="GridCell.Tab.42.right.0.0.3440.1440" width="1676" height="473" />
    <size key="GridCell.Tab.42.bottom.0.0.3440.1440" width="1676" height="473" />
    <size key="GridCell.Tab.43.left.0.0.3440.1440" width="3395" height="448" />
    <size key="GridCell.Tab.43.center.0.0.3440.1440" width="3395" height="448" />
    <size key="GridCell.Tab.43.right.0.0.3440.1440" width="3395" height="448" />
    <size key="GridCell.Tab.43.bottom.0.0.3440.1440" width="3395" height="448" />
    <size key="GridCell.Tab.41.left.0.0.3840.1600" width="1581" height="594" />
    <size key="GridCell.Tab.41.center.0.0.3840.1600" width="1581" height="594" />
    <size key="GridCell.Tab.41.right.0.0.3840.1600" width="1581" height="594" />
    <size key="GridCell.Tab.41.bottom.0.0.3840.1600" width="1581" height="594" />
    <size key="GridCell.Tab.42.left.0.0.3840.1600" width="2502" height="441" />
    <size key="GridCell.Tab.42.center.0.0.3840.1600" width="2502" height="441" />
    <size key="GridCell.Tab.42.right.0.0.3840.1600" width="2502" height="441" />
    <size key="GridCell.Tab.42.bottom.0.0.3840.1600" width="2502" height="441" />
    <size key="GridCell.Tab.43.left.0.0.3840.1600" width="3795" height="467" />
    <size key="GridCell.Tab.43.center.0.0.3840.1600" width="3795" height="467" />
    <size key="GridCell.Tab.43.right.0.0.3840.1600" width="3795" height="467" />
    <size key="GridCell.Tab.43.bottom.0.0.3840.1600" width="3795" height="467" />
    <size key="GridCell.Tab.44.left.0.0.3840.1600" width="3795" height="465" />
    <size key="GridCell.Tab.44.center.0.0.3840.1600" width="3795" height="465" />
    <size key="GridCell.Tab.44.right.0.0.3840.1600" width="3795" height="465" />
    <size key="GridCell.Tab.44.bottom.0.0.3840.1600" width="3795" height="465" />
    <size key="GridCell.Tab.45.left.0.0.3840.1600" width="3795" height="465" />
    <size key="GridCell.Tab.45.center.0.0.3840.1600" width="3795" height="465" />
    <size key="GridCell.Tab.45.right.0.0.3840.1600" width="3795" height="465" />
    <size key="GridCell.Tab.45.bottom.0.0.3840.1600" width="3795" height="465" />
    <size key="GridCell.Tab.46.left.0.0.3840.1600" width="3795" height="465" />
    <size key="GridCell.Tab.46.center.0.0.3840.1600" width="3795" height="465" />
    <size key="GridCell.Tab.46.right.0.0.3840.1600" width="3795" height="465" />
    <size key="GridCell.Tab.46.bottom.0.0.3840.1600" width="3795" height="465" />
    <size key="GridCell.Tab.44.left.0.0.3440.1440" width="1676" height="552" />
    <size key="GridCell.Tab.44.center.0.0.3440.1440" width="1676" height="552" />
    <size key="GridCell.Tab.44.right.0.0.3440.1440" width="1676" height="552" />
    <size key="GridCell.Tab.44.bottom.0.0.3440.1440" width="1676" height="552" />
    <size key="GridCell.Tab.45.left.0.0.3440.1440" width="1676" height="552" />
    <size key="GridCell.Tab.45.center.0.0.3440.1440" width="1676" height="552" />
    <size key="GridCell.Tab.45.right.0.0.3440.1440" width="1676" height="552" />
    <size key="GridCell.Tab.45.bottom.0.0.3440.1440" width="1676" height="552" />
    <size key="GridCell.Tab.47.left.0.0.3840.1600" width="3795" height="465" />
    <size key="GridCell.Tab.47.center.0.0.3840.1600" width="3795" height="465" />
    <size key="GridCell.Tab.47.right.0.0.3840.1600" width="3795" height="465" />
    <size key="GridCell.Tab.47.bottom.0.0.3840.1600" width="3795" height="465" />
    <size key="GridCell.Tab.7.left.0.0.3840.1600" width="3713" height="745" />
    <size key="GridCell.Tab.7.center.0.0.3840.1600" width="3713" height="745" />
    <size key="GridCell.Tab.7.right.0.0.3840.1600" width="3713" height="745" />
    <size key="GridCell.Tab.7.bottom.0.0.3840.1600" width="3713" height="745" />
    <size key="GridCell.Tab.7.left.0.0.3440.1440" width="2078" height="509" />
    <size key="GridCell.Tab.7.center.0.0.3440.1440" width="2078" height="509" />
    <size key="GridCell.Tab.7.right.0.0.3440.1440" width="2078" height="509" />
    <size key="GridCell.Tab.7.bottom.0.0.3440.1440" width="2078" height="509" />
    <size key="GridCell.Tab.48.left.0.0.3840.1600" width="3795" height="465" />
    <size key="GridCell.Tab.48.center.0.0.3840.1600" width="3795" height="465" />
    <size key="GridCell.Tab.48.right.0.0.3840.1600" width="3795" height="465" />
    <size key="GridCell.Tab.48.bottom.0.0.3840.1600" width="3795" height="465" />
    <size key="GridCell.Tab.48.left.0.0.3440.1440" width="3395" height="378" />
    <size key="GridCell.Tab.48.center.0.0.3440.1440" width="3395" height="378" />
    <size key="GridCell.Tab.48.right.0.0.3440.1440" width="3395" height="378" />
    <size key="GridCell.Tab.48.bottom.0.0.3440.1440" width="3395" height="378" />
    <size key="GridCell.Tab.49.left.0.0.3440.1440" width="3395" height="378" />
    <size key="GridCell.Tab.49.center.0.0.3440.1440" width="3395" height="378" />
    <size key="GridCell.Tab.49.right.0.0.3440.1440" width="3395" height="378" />
    <size key="GridCell.Tab.49.bottom.0.0.3440.1440" width="3395" height="378" />
    <size key="GridCell.Tab.50.left.0.0.3440.1440" width="3395" height="378" />
    <size key="GridCell.Tab.50.center.0.0.3440.1440" width="3395" height="378" />
    <size key="GridCell.Tab.50.right.0.0.3440.1440" width="3395" height="378" />
    <size key="GridCell.Tab.50.bottom.0.0.3440.1440" width="3395" height="378" />
    <size key="GridCell.Tab.51.left.0.0.3440.1440" width="3395" height="378" />
    <size key="GridCell.Tab.51.center.0.0.3440.1440" width="3395" height="378" />
    <size key="GridCell.Tab.51.right.0.0.3440.1440" width="3395" height="378" />
    <size key="GridCell.Tab.51.bottom.0.0.3440.1440" width="3395" height="378" />
    <size key="GridCell.Tab.52.left.0.0.3440.1440" width="3395" height="378" />
    <size key="GridCell.Tab.52.center.0.0.3440.1440" width="3395" height="378" />
    <size key="GridCell.Tab.52.right.0.0.3440.1440" width="3395" height="378" />
    <size key="GridCell.Tab.52.bottom.0.0.3440.1440" width="3395" height="378" />
    <size key="GridCell.Tab.54.left.0.0.3840.1600" width="3795" height="506" />
    <size key="GridCell.Tab.54.center.0.0.3840.1600" width="3795" height="506" />
    <size key="GridCell.Tab.54.right.0.0.3840.1600" width="3795" height="506" />
    <size key="GridCell.Tab.54.bottom.0.0.3840.1600" width="3795" height="506" />
    <size key="GridCell.Tab.55.left.0.0.3840.1600" width="3795" height="456" />
    <size key="GridCell.Tab.55.center.0.0.3840.1600" width="3795" height="456" />
    <size key="GridCell.Tab.55.right.0.0.3840.1600" width="3795" height="456" />
    <size key="GridCell.Tab.55.bottom.0.0.3840.1600" width="3795" height="456" />
    <size key="GridCell.Tab.54.left.0.0.1920.1080" width="1875" height="310" />
    <size key="GridCell.Tab.54.center.0.0.1920.1080" width="1875" height="310" />
    <size key="GridCell.Tab.54.right.0.0.1920.1080" width="1875" height="310" />
    <size key="GridCell.Tab.54.bottom.0.0.1920.1080" width="1875" height="310" />
    <size key="GridCell.Tab.55.left.0.0.1920.1080" width="1875" height="310" />
    <size key="GridCell.Tab.55.center.0.0.1920.1080" width="1875" height="310" />
    <size key="GridCell.Tab.55.right.0.0.1920.1080" width="1875" height="310" />
    <size key="GridCell.Tab.55.bottom.0.0.1920.1080" width="1875" height="310" />
    <size key="GridCell.Tab.56.left.0.0.3840.1600" width="2413" height="464" />
    <size key="GridCell.Tab.56.center.0.0.3840.1600" width="2413" height="464" />
    <size key="GridCell.Tab.56.right.0.0.3840.1600" width="2413" height="464" />
    <size key="GridCell.Tab.56.bottom.0.0.3840.1600" width="2413" height="464" />
    <size key="GridCell.Tab.57.left.0.0.3840.1600" width="2413" height="464" />
    <size key="GridCell.Tab.57.center.0.0.3840.1600" width="2413" height="464" />
    <size key="GridCell.Tab.57.right.0.0.3840.1600" width="2413" height="464" />
    <size key="GridCell.Tab.57.bottom.0.0.3840.1600" width="2413" height="464" />
    <size key="GridCell.Tab.58.left.0.0.3840.1600" width="2413" height="464" />
    <size key="GridCell.Tab.58.center.0.0.3840.1600" width="2413" height="464" />
    <size key="GridCell.Tab.58.right.0.0.3840.1600" width="2413" height="464" />
    <size key="GridCell.Tab.58.bottom.0.0.3840.1600" width="2413" height="464" />
    <size key="GridCell.Tab.56.left.0.0.3440.1440" width="2195" height="314" />
    <size key="GridCell.Tab.56.center.0.0.3440.1440" width="2195" height="314" />
    <size key="GridCell.Tab.56.right.0.0.3440.1440" width="2195" height="314" />
    <size key="GridCell.Tab.56.bottom.0.0.3440.1440" width="2195" height="314" />
    <size key="GridCell.Tab.57.left.0.0.3440.1440" width="2195" height="314" />
    <size key="GridCell.Tab.57.center.0.0.3440.1440" width="2195" height="314" />
    <size key="GridCell.Tab.57.right.0.0.3440.1440" width="2195" height="314" />
    <size key="GridCell.Tab.57.bottom.0.0.3440.1440" width="2195" height="314" />
    <size key="GridCell.Tab.58.left.0.0.3440.1440" width="2195" height="314" />
    <size key="GridCell.Tab.58.center.0.0.3440.1440" width="2195" height="314" />
    <size key="GridCell.Tab.58.right.0.0.3440.1440" width="2195" height="314" />
    <size key="GridCell.Tab.58.bottom.0.0.3440.1440" width="2195" height="314" />
    <size key="GridCell.Tab.59.left.0.0.3840.1600" width="2413" height="464" />
    <size key="GridCell.Tab.59.center.0.0.3840.1600" width="2413" height="464" />
    <size key="GridCell.Tab.59.right.0.0.3840.1600" width="2413" height="464" />
    <size key="GridCell.Tab.59.bottom.0.0.3840.1600" width="2413" height="464" />
    <size key="GridCell.Tab.60.left.0.0.3840.1600" width="2413" height="464" />
    <size key="GridCell.Tab.60.center.0.0.3840.1600" width="2413" height="464" />
    <size key="GridCell.Tab.60.right.0.0.3840.1600" width="2413" height="464" />
    <size key="GridCell.Tab.60.bottom.0.0.3840.1600" width="2413" height="464" />
    <size key="GridCell.Tab.61.left.0.0.3840.1600" width="2413" height="464" />
    <size key="GridCell.Tab.61.center.0.0.3840.1600" width="2413" height="464" />
    <size key="GridCell.Tab.61.right.0.0.3840.1600" width="2413" height="464" />
    <size key="GridCell.Tab.61.bottom.0.0.3840.1600" width="2413" height="464" />
    <size key="GridCell.Tab.62.left.0.0.3840.1600" width="2413" height="464" />
    <size key="GridCell.Tab.62.center.0.0.3840.1600" width="2413" height="464" />
    <size key="GridCell.Tab.62.right.0.0.3840.1600" width="2413" height="464" />
    <size key="GridCell.Tab.62.bottom.0.0.3840.1600" width="2413" height="464" />
    <size key="GridCell.Tab.63.left.0.0.3840.1600" width="2413" height="464" />
    <size key="GridCell.Tab.63.center.0.0.3840.1600" width="2413" height="464" />
    <size key="GridCell.Tab.63.right.0.0.3840.1600" width="2413" height="464" />
    <size key="GridCell.Tab.63.bottom.0.0.3840.1600" width="2413" height="464" />
    <size key="GridCell.Tab.64.left.0.0.3840.1600" width="2413" height="464" />
    <size key="GridCell.Tab.64.center.0.0.3840.1600" width="2413" height="464" />
    <size key="GridCell.Tab.64.right.0.0.3840.1600" width="2413" height="464" />
    <size key="GridCell.Tab.64.bottom.0.0.3840.1600" width="2413" height="464" />
    <size key="GridCell.Tab.65.left.0.0.3840.1600" width="2413" height="464" />
    <size key="GridCell.Tab.65.center.0.0.3840.1600" width="2413" height="464" />
    <size key="GridCell.Tab.65.right.0.0.3840.1600" width="2413" height="464" />
    <size key="GridCell.Tab.65.bottom.0.0.3840.1600" width="2413" height="464" />
    <size key="GridCell.Tab.66.left.0.0.3840.1600" width="2413" height="464" />
    <size key="GridCell.Tab.66.center.0.0.3840.1600" width="2413" height="464" />
    <size key="GridCell.Tab.66.right.0.0.3840.1600" width="2413" height="464" />
    <size key="GridCell.Tab.66.bottom.0.0.3840.1600" width="2413" height="464" />
    <size key="GridCell.Tab.67.left.0.0.3840.1600" width="2413" height="464" />
    <size key="GridCell.Tab.67.center.0.0.3840.1600" width="2413" height="464" />
    <size key="GridCell.Tab.67.right.0.0.3840.1600" width="2413" height="464" />
    <size key="GridCell.Tab.67.bottom.0.0.3840.1600" width="2413" height="464" />
    <size key="GridCell.Tab.68.left.0.0.3840.1600" width="2413" height="464" />
    <size key="GridCell.Tab.68.center.0.0.3840.1600" width="2413" height="464" />
    <size key="GridCell.Tab.68.right.0.0.3840.1600" width="2413" height="464" />
    <size key="GridCell.Tab.68.bottom.0.0.3840.1600" width="2413" height="464" />
    <size key="GridCell.Tab.69.left.0.0.3840.1600" width="2413" height="464" />
    <size key="GridCell.Tab.69.center.0.0.3840.1600" width="2413" height="464" />
    <size key="GridCell.Tab.69.right.0.0.3840.1600" width="2413" height="464" />
    <size key="GridCell.Tab.69.bottom.0.0.3840.1600" width="2413" height="464" />
    <size key="GridCell.Tab.70.left.0.0.3840.1600" width="2413" height="464" />
    <size key="GridCell.Tab.70.center.0.0.3840.1600" width="2413" height="464" />
    <size key="GridCell.Tab.70.right.0.0.3840.1600" width="2413" height="464" />
    <size key="GridCell.Tab.70.bottom.0.0.3840.1600" width="2413" height="464" />
    <size key="GridCell.Tab.71.left.0.0.3840.1600" width="2413" height="464" />
    <size key="GridCell.Tab.71.center.0.0.3840.1600" width="2413" height="464" />
    <size key="GridCell.Tab.71.right.0.0.3840.1600" width="2413" height="464" />
    <size key="GridCell.Tab.71.bottom.0.0.3840.1600" width="2413" height="464" />
    <size key="GridCell.Tab.72.left.0.0.3840.1600" width="2413" height="464" />
    <size key="GridCell.Tab.72.center.0.0.3840.1600" width="2413" height="464" />
    <size key="GridCell.Tab.72.right.0.0.3840.1600" width="2413" height="464" />
    <size key="GridCell.Tab.72.bottom.0.0.3840.1600" width="2413" height="464" />
    <size key="GridCell.Tab.73.left.0.0.3840.1600" width="2413" height="464" />
    <size key="GridCell.Tab.73.center.0.0.3840.1600" width="2413" height="464" />
    <size key="GridCell.Tab.73.right.0.0.3840.1600" width="2413" height="464" />
    <size key="GridCell.Tab.73.bottom.0.0.3840.1600" width="2413" height="464" />
    <size key="GridCell.Tab.74.left.0.0.3840.1600" width="2413" height="464" />
    <size key="GridCell.Tab.74.center.0.0.3840.1600" width="2413" height="464" />
    <size key="GridCell.Tab.74.right.0.0.3840.1600" width="2413" height="464" />
    <size key="GridCell.Tab.74.bottom.0.0.3840.1600" width="2413" height="464" />
    <size key="GridCell.Tab.75.left.0.0.3840.1600" width="2413" height="464" />
    <size key="GridCell.Tab.75.center.0.0.3840.1600" width="2413" height="464" />
    <size key="GridCell.Tab.75.right.0.0.3840.1600" width="2413" height="464" />
    <size key="GridCell.Tab.75.bottom.0.0.3840.1600" width="2413" height="464" />
    <size key="GridCell.Tab.76.left.0.0.3840.1600" width="1876" height="268" />
    <size key="GridCell.Tab.76.center.0.0.3840.1600" width="1876" height="268" />
    <size key="GridCell.Tab.76.right.0.0.3840.1600" width="1876" height="268" />
    <size key="GridCell.Tab.76.bottom.0.0.3840.1600" width="1876" height="268" />
    <size key="GridCell.Tab.77.left.0.0.3840.1600" width="1876" height="268" />
    <size key="GridCell.Tab.77.center.0.0.3840.1600" width="1876" height="268" />
    <size key="GridCell.Tab.77.right.0.0.3840.1600" width="1876" height="268" />
    <size key="GridCell.Tab.77.bottom.0.0.3840.1600" width="1876" height="268" />
    <size key="GridCell.Tab.78.left.0.0.3840.1600" width="1876" height="268" />
    <size key="GridCell.Tab.78.center.0.0.3840.1600" width="1876" height="268" />
    <size key="GridCell.Tab.78.right.0.0.3840.1600" width="1876" height="268" />
    <size key="GridCell.Tab.78.bottom.0.0.3840.1600" width="1876" height="268" />
    <size key="GridCell.Tab.79.left.0.0.3840.1600" width="1876" height="268" />
    <size key="GridCell.Tab.79.center.0.0.3840.1600" width="1876" height="268" />
    <size key="GridCell.Tab.79.right.0.0.3840.1600" width="1876" height="268" />
    <size key="GridCell.Tab.79.bottom.0.0.3840.1600" width="1876" height="268" />
    <size key="GridCell.Tab.80.left.0.0.3840.1600" width="1876" height="268" />
    <size key="GridCell.Tab.80.center.0.0.3840.1600" width="1876" height="268" />
    <size key="GridCell.Tab.80.right.0.0.3840.1600" width="1876" height="268" />
    <size key="GridCell.Tab.80.bottom.0.0.3840.1600" width="1876" height="268" />
    <size key="GridCell.Tab.81.left.0.0.3840.1600" width="1876" height="268" />
    <size key="GridCell.Tab.81.center.0.0.3840.1600" width="1876" height="268" />
    <size key="GridCell.Tab.81.right.0.0.3840.1600" width="1876" height="268" />
    <size key="GridCell.Tab.81.bottom.0.0.3840.1600" width="1876" height="268" />
    <size key="GridCell.Tab.82.left.0.0.3840.1600" width="1876" height="268" />
    <size key="GridCell.Tab.82.center.0.0.3840.1600" width="1876" height="268" />
    <size key="GridCell.Tab.82.right.0.0.3840.1600" width="1876" height="268" />
    <size key="GridCell.Tab.82.bottom.0.0.3840.1600" width="1876" height="268" />
    <size key="GridCell.Tab.83.left.0.0.3840.1600" width="1876" height="268" />
    <size key="GridCell.Tab.83.center.0.0.3840.1600" width="1876" height="268" />
    <size key="GridCell.Tab.83.right.0.0.3840.1600" width="1876" height="268" />
    <size key="GridCell.Tab.83.bottom.0.0.3840.1600" width="1876" height="268" />
    <size key="GridCell.Tab.84.left.0.0.3840.1600" width="1876" height="268" />
    <size key="GridCell.Tab.84.center.0.0.3840.1600" width="1876" height="268" />
    <size key="GridCell.Tab.84.right.0.0.3840.1600" width="1876" height="268" />
    <size key="GridCell.Tab.84.bottom.0.0.3840.1600" width="1876" height="268" />
    <size key="GridCell.Tab.85.left.0.0.3840.1600" width="2797" height="820" />
    <size key="GridCell.Tab.85.center.0.0.3840.1600" width="2797" height="820" />
    <size key="GridCell.Tab.85.right.0.0.3840.1600" width="2797" height="820" />
    <size key="GridCell.Tab.85.bottom.0.0.3840.1600" width="2797" height="820" />
    <size key="GridCell.Tab.86.left.0.0.3840.1600" width="2797" height="820" />
    <size key="GridCell.Tab.86.center.0.0.3840.1600" width="2797" height="820" />
    <size key="GridCell.Tab.86.right.0.0.3840.1600" width="2797" height="820" />
    <size key="GridCell.Tab.86.bottom.0.0.3840.1600" width="2797" height="820" />
    <size key="GridCell.Tab.87.left.0.0.3840.1600" width="2258" height="859" />
    <size key="GridCell.Tab.87.center.0.0.3840.1600" width="2258" height="859" />
    <size key="GridCell.Tab.87.right.0.0.3840.1600" width="2258" height="859" />
    <size key="GridCell.Tab.87.bottom.0.0.3840.1600" width="2258" height="859" />
    <size key="GridCell.Tab.88.left.0.0.3840.1600" width="1876" height="820" />
    <size key="GridCell.Tab.88.center.0.0.3840.1600" width="1876" height="820" />
    <size key="GridCell.Tab.88.right.0.0.3840.1600" width="1876" height="820" />
    <size key="GridCell.Tab.88.bottom.0.0.3840.1600" width="1876" height="820" />
    <size key="GridCell.Tab.89.left.0.0.3840.1600" width="1876" height="399" />
    <size key="GridCell.Tab.89.center.0.0.3840.1600" width="1876" height="399" />
    <size key="GridCell.Tab.89.right.0.0.3840.1600" width="1876" height="399" />
    <size key="GridCell.Tab.89.bottom.0.0.3840.1600" width="1876" height="399" />
    <size key="GridCell.Tab.90.left.0.0.3840.1600" width="3795" height="681" />
    <size key="GridCell.Tab.90.center.0.0.3840.1600" width="3795" height="681" />
    <size key="GridCell.Tab.90.right.0.0.3840.1600" width="3795" height="681" />
    <size key="GridCell.Tab.90.bottom.0.0.3840.1600" width="3795" height="681" />
    <size key="GridCell.Tab.91.left.0.0.3840.1600" width="3795" height="681" />
    <size key="GridCell.Tab.91.center.0.0.3840.1600" width="3795" height="681" />
    <size key="GridCell.Tab.91.right.0.0.3840.1600" width="3795" height="681" />
    <size key="GridCell.Tab.91.bottom.0.0.3840.1600" width="3795" height="681" />
    <size key="GridCell.Tab.92.left.0.0.3840.1600" width="3795" height="681" />
    <size key="GridCell.Tab.92.center.0.0.3840.1600" width="3795" height="681" />
    <size key="GridCell.Tab.92.right.0.0.3840.1600" width="3795" height="681" />
    <size key="GridCell.Tab.92.bottom.0.0.3840.1600" width="3795" height="681" />
    <size key="GridCell.Tab.93.left.0.0.3840.1600" width="3795" height="681" />
    <size key="GridCell.Tab.93.center.0.0.3840.1600" width="3795" height="681" />
    <size key="GridCell.Tab.93.right.0.0.3840.1600" width="3795" height="681" />
    <size key="GridCell.Tab.93.bottom.0.0.3840.1600" width="3795" height="681" />
    <size key="GridCell.Tab.5.left.0.0.1920.1080" width="1875" height="380" />
    <size key="GridCell.Tab.5.center.0.0.1920.1080" width="1875" height="380" />
    <size key="GridCell.Tab.5.right.0.0.1920.1080" width="1875" height="380" />
    <size key="GridCell.Tab.5.bottom.0.0.1920.1080" width="1875" height="380" />
    <size key="GridCell.Tab.7.left.0.0.1920.1080" width="1875" height="380" />
    <size key="GridCell.Tab.7.center.0.0.1920.1080" width="1875" height="380" />
    <size key="GridCell.Tab.7.right.0.0.1920.1080" width="1875" height="380" />
    <size key="GridCell.Tab.7.bottom.0.0.1920.1080" width="1875" height="380" />
    <size key="GridCell.Tab.8.left.0.0.1920.1080" width="1875" height="380" />
    <size key="GridCell.Tab.8.center.0.0.1920.1080" width="1875" height="380" />
    <size key="GridCell.Tab.8.right.0.0.1920.1080" width="1875" height="380" />
    <size key="GridCell.Tab.8.bottom.0.0.1920.1080" width="1875" height="380" />
    <size key="GridCell.Tab.9.left.0.0.1920.1080" width="1875" height="380" />
    <size key="GridCell.Tab.9.center.0.0.1920.1080" width="1875" height="380" />
    <size key="GridCell.Tab.9.right.0.0.1920.1080" width="1875" height="380" />
    <size key="GridCell.Tab.9.bottom.0.0.1920.1080" width="1875" height="380" />
    <size key="GridCell.Tab.85.left.0.0.1920.1080" width="1875" height="380" />
    <size key="GridCell.Tab.85.center.0.0.1920.1080" width="1875" height="380" />
    <size key="GridCell.Tab.85.right.0.0.1920.1080" width="1875" height="380" />
    <size key="GridCell.Tab.85.bottom.0.0.1920.1080" width="1875" height="380" />
    <size key="GridCell.Tab.86.left.0.0.1920.1080" width="1875" height="380" />
    <size key="GridCell.Tab.86.center.0.0.1920.1080" width="1875" height="380" />
    <size key="GridCell.Tab.86.right.0.0.1920.1080" width="1875" height="380" />
    <size key="GridCell.Tab.86.bottom.0.0.1920.1080" width="1875" height="380" />
    <size key="GridCell.Tab.87.left.0.0.1920.1080" width="1875" height="380" />
    <size key="GridCell.Tab.87.center.0.0.1920.1080" width="1875" height="380" />
    <size key="GridCell.Tab.87.right.0.0.1920.1080" width="1875" height="380" />
    <size key="GridCell.Tab.87.bottom.0.0.1920.1080" width="1875" height="380" />
    <size key="GridCell.Tab.88.left.0.0.1920.1080" width="1875" height="380" />
    <size key="GridCell.Tab.88.center.0.0.1920.1080" width="1875" height="380" />
    <size key="GridCell.Tab.88.right.0.0.1920.1080" width="1875" height="380" />
    <size key="GridCell.Tab.88.bottom.0.0.1920.1080" width="1875" height="380" />
    <size key="GridCell.Tab.89.left.0.0.1920.1080" width="1875" height="380" />
    <size key="GridCell.Tab.89.center.0.0.1920.1080" width="1875" height="380" />
    <size key="GridCell.Tab.89.right.0.0.1920.1080" width="1875" height="380" />
    <size key="GridCell.Tab.89.bottom.0.0.1920.1080" width="1875" height="380" />
    <size key="GridCell.Tab.90.left.0.0.1920.1080" width="1875" height="380" />
    <size key="GridCell.Tab.90.center.0.0.1920.1080" width="1875" height="380" />
    <size key="GridCell.Tab.90.right.0.0.1920.1080" width="1875" height="380" />
    <size key="GridCell.Tab.90.bottom.0.0.1920.1080" width="1875" height="380" />
    <size key="GridCell.Tab.91.left.0.0.1920.1080" width="1875" height="380" />
    <size key="GridCell.Tab.91.center.0.0.1920.1080" width="1875" height="380" />
    <size key="GridCell.Tab.91.right.0.0.1920.1080" width="1875" height="380" />
    <size key="GridCell.Tab.91.bottom.0.0.1920.1080" width="1875" height="380" />
    <size key="GridCell.Tab.92.left.0.0.1920.1080" width="1875" height="380" />
    <size key="GridCell.Tab.92.center.0.0.1920.1080" width="1875" height="380" />
    <size key="GridCell.Tab.92.right.0.0.1920.1080" width="1875" height="380" />
    <size key="GridCell.Tab.92.bottom.0.0.1920.1080" width="1875" height="380" />
    <size key="GridCell.Tab.93.left.0.0.1920.1080" width="1875" height="380" />
    <size key="GridCell.Tab.93.center.0.0.1920.1080" width="1875" height="380" />
    <size key="GridCell.Tab.93.right.0.0.1920.1080" width="1875" height="380" />
    <size key="GridCell.Tab.93.bottom.0.0.1920.1080" width="1875" height="380" />
    <size key="GridCell.Tab.94.left.0.0.3840.1600" width="3795" height="681" />
    <size key="GridCell.Tab.94.center.0.0.3840.1600" width="3795" height="681" />
    <size key="GridCell.Tab.94.right.0.0.3840.1600" width="3795" height="681" />
    <size key="GridCell.Tab.94.bottom.0.0.3840.1600" width="3795" height="681" />
    <size key="GridCell.Tab.95.left.0.0.3840.1600" width="2258" height="681" />
    <size key="GridCell.Tab.95.center.0.0.3840.1600" width="2258" height="681" />
    <size key="GridCell.Tab.95.right.0.0.3840.1600" width="2258" height="681" />
    <size key="GridCell.Tab.95.bottom.0.0.3840.1600" width="2258" height="681" />
    <size key="GridCell.Tab.96.left.0.0.3840.1600" width="2177" height="523" />
    <size key="GridCell.Tab.96.center.0.0.3840.1600" width="2177" height="523" />
    <size key="GridCell.Tab.96.right.0.0.3840.1600" width="2177" height="523" />
    <size key="GridCell.Tab.96.bottom.0.0.3840.1600" width="2177" height="523" />
    <size key="GridCell.Tab.97.left.0.0.3840.1600" width="1435" height="523" />
    <size key="GridCell.Tab.97.center.0.0.3840.1600" width="1435" height="523" />
    <size key="GridCell.Tab.97.right.0.0.3840.1600" width="1435" height="523" />
    <size key="GridCell.Tab.97.bottom.0.0.3840.1600" width="1435" height="523" />
    <size key="GridCell.Tab.98.left.0.0.3840.1600" width="1435" height="523" />
    <size key="GridCell.Tab.98.center.0.0.3840.1600" width="1435" height="523" />
    <size key="GridCell.Tab.98.right.0.0.3840.1600" width="1435" height="523" />
    <size key="GridCell.Tab.98.bottom.0.0.3840.1600" width="1435" height="523" />
    <size key="GridCell.Tab.99.left.0.0.3840.1600" width="1435" height="523" />
    <size key="GridCell.Tab.99.center.0.0.3840.1600" width="1435" height="523" />
    <size key="GridCell.Tab.99.right.0.0.3840.1600" width="1435" height="523" />
    <size key="GridCell.Tab.99.bottom.0.0.3840.1600" width="1435" height="523" />
    <size key="GridCell.Tab.100.left.0.0.3840.1600" width="3795" height="523" />
    <size key="GridCell.Tab.100.center.0.0.3840.1600" width="3795" height="523" />
    <size key="GridCell.Tab.100.right.0.0.3840.1600" width="3795" height="523" />
    <size key="GridCell.Tab.100.bottom.0.0.3840.1600" width="3795" height="523" />
    <size key="GridCell.Tab.101.left.0.0.3840.1600" width="1685" height="523" />
    <size key="GridCell.Tab.101.center.0.0.3840.1600" width="1685" height="523" />
    <size key="GridCell.Tab.101.right.0.0.3840.1600" width="1685" height="523" />
    <size key="GridCell.Tab.101.bottom.0.0.3840.1600" width="1685" height="523" />
    <size key="GridCell.Tab.102.left.0.0.3840.1600" width="1685" height="523" />
    <size key="GridCell.Tab.102.center.0.0.3840.1600" width="1685" height="523" />
    <size key="GridCell.Tab.102.right.0.0.3840.1600" width="1685" height="523" />
    <size key="GridCell.Tab.102.bottom.0.0.3840.1600" width="1685" height="523" />
    <size key="GridCell.Tab.103.left.0.0.3840.1600" width="2640" height="446" />
    <size key="GridCell.Tab.103.center.0.0.3840.1600" width="2640" height="446" />
    <size key="GridCell.Tab.103.right.0.0.3840.1600" width="2640" height="446" />
    <size key="GridCell.Tab.103.bottom.0.0.3840.1600" width="2640" height="446" />
    <size key="GridCell.Tab.104.left.0.0.3840.1600" width="2640" height="446" />
    <size key="GridCell.Tab.104.center.0.0.3840.1600" width="2640" height="446" />
    <size key="GridCell.Tab.104.right.0.0.3840.1600" width="2640" height="446" />
    <size key="GridCell.Tab.104.bottom.0.0.3840.1600" width="2640" height="446" />
    <size key="GridCell.Tab.105.left.0.0.3840.1600" width="2296" height="443" />
    <size key="GridCell.Tab.105.center.0.0.3840.1600" width="2296" height="443" />
    <size key="GridCell.Tab.105.right.0.0.3840.1600" width="2296" height="443" />
    <size key="GridCell.Tab.105.bottom.0.0.3840.1600" width="2296" height="443" />
    <size key="GridCell.Tab.106.left.0.0.3840.1600" width="2296" height="443" />
    <size key="GridCell.Tab.106.center.0.0.3840.1600" width="2296" height="443" />
    <size key="GridCell.Tab.106.right.0.0.3840.1600" width="2296" height="443" />
    <size key="GridCell.Tab.106.bottom.0.0.3840.1600" width="2296" height="443" />
    <size key="GridCell.Tab.105.left.0.0.3440.1440" width="3395" height="396" />
    <size key="GridCell.Tab.105.center.0.0.3440.1440" width="3395" height="396" />
    <size key="GridCell.Tab.105.right.0.0.3440.1440" width="3395" height="396" />
    <size key="GridCell.Tab.105.bottom.0.0.3440.1440" width="3395" height="396" />
    <size key="GridCell.Tab.107.left.0.0.3840.1600" width="3795" height="443" />
    <size key="GridCell.Tab.107.center.0.0.3840.1600" width="3795" height="443" />
    <size key="GridCell.Tab.107.right.0.0.3840.1600" width="3795" height="443" />
    <size key="GridCell.Tab.107.bottom.0.0.3840.1600" width="3795" height="443" />
    <size key="GridCell.Tab.108.left.0.0.3840.1600" width="3795" height="443" />
    <size key="GridCell.Tab.108.center.0.0.3840.1600" width="3795" height="443" />
    <size key="GridCell.Tab.108.right.0.0.3840.1600" width="3795" height="443" />
    <size key="GridCell.Tab.108.bottom.0.0.3840.1600" width="3795" height="443" />
    <size key="GridCell.Tab.109.left.0.0.3840.1600" width="3795" height="443" />
    <size key="GridCell.Tab.109.center.0.0.3840.1600" width="3795" height="443" />
    <size key="GridCell.Tab.109.right.0.0.3840.1600" width="3795" height="443" />
    <size key="GridCell.Tab.109.bottom.0.0.3840.1600" width="3795" height="443" />
    <size key="GridCell.Tab.110.left.0.0.3840.1600" width="3795" height="443" />
    <size key="GridCell.Tab.110.center.0.0.3840.1600" width="3795" height="443" />
    <size key="GridCell.Tab.110.right.0.0.3840.1600" width="3795" height="443" />
    <size key="GridCell.Tab.110.bottom.0.0.3840.1600" width="3795" height="443" />
    <size key="GridCell.Tab.111.left.0.0.3840.1600" width="3795" height="443" />
    <size key="GridCell.Tab.111.center.0.0.3840.1600" width="3795" height="443" />
    <size key="GridCell.Tab.111.right.0.0.3840.1600" width="3795" height="443" />
    <size key="GridCell.Tab.111.bottom.0.0.3840.1600" width="3795" height="443" />
    <size key="GridCell.Tab.110.left.0.0.3440.1440" width="2502" height="442" />
    <size key="GridCell.Tab.110.center.0.0.3440.1440" width="2502" height="442" />
    <size key="GridCell.Tab.110.right.0.0.3440.1440" width="2502" height="442" />
    <size key="GridCell.Tab.110.bottom.0.0.3440.1440" width="2502" height="442" />
    <size key="GridCell.Tab.111.left.0.0.3440.1440" width="3395" height="442" />
    <size key="GridCell.Tab.111.center.0.0.3440.1440" width="3395" height="442" />
    <size key="GridCell.Tab.111.right.0.0.3440.1440" width="3395" height="442" />
    <size key="GridCell.Tab.111.bottom.0.0.3440.1440" width="3395" height="442" />
    <size key="GridCell.Tab.112.left.0.0.3440.1440" width="3395" height="442" />
    <size key="GridCell.Tab.112.center.0.0.3440.1440" width="3395" height="442" />
    <size key="GridCell.Tab.112.right.0.0.3440.1440" width="3395" height="442" />
    <size key="GridCell.Tab.112.bottom.0.0.3440.1440" width="3395" height="442" />
    <size key="GridCell.Tab.113.left.0.0.3440.1440" width="1676" height="442" />
    <size key="GridCell.Tab.113.center.0.0.3440.1440" width="1676" height="442" />
    <size key="GridCell.Tab.113.right.0.0.3440.1440" width="1676" height="442" />
    <size key="GridCell.Tab.113.bottom.0.0.3440.1440" width="1676" height="442" />
    <size key="GridCell.Tab.114.left.0.0.3440.1440" width="2360" height="442" />
    <size key="GridCell.Tab.114.center.0.0.3440.1440" width="2360" height="442" />
    <size key="GridCell.Tab.114.right.0.0.3440.1440" width="2360" height="442" />
    <size key="GridCell.Tab.114.bottom.0.0.3440.1440" width="2360" height="442" />
    <size key="GridCell.Tab.115.left.0.0.3440.1440" width="1676" height="442" />
    <size key="GridCell.Tab.115.center.0.0.3440.1440" width="1676" height="442" />
    <size key="GridCell.Tab.115.right.0.0.3440.1440" width="1676" height="442" />
    <size key="GridCell.Tab.115.bottom.0.0.3440.1440" width="1676" height="442" />
    <size key="GridCell.Tab.114.left.0.0.3840.1600" width="3795" height="505" />
    <size key="GridCell.Tab.114.center.0.0.3840.1600" width="3795" height="505" />
    <size key="GridCell.Tab.114.right.0.0.3840.1600" width="3795" height="505" />
    <size key="GridCell.Tab.114.bottom.0.0.3840.1600" width="3795" height="505" />
    <size key="GridCell.Tab.115.left.0.0.3840.1600" width="3795" height="505" />
    <size key="GridCell.Tab.115.center.0.0.3840.1600" width="3795" height="505" />
    <size key="GridCell.Tab.115.right.0.0.3840.1600" width="3795" height="505" />
    <size key="GridCell.Tab.115.bottom.0.0.3840.1600" width="3795" height="505" />
    <size key="GridCell.Tab.0.left.0.0.3840.1600@120dpi" width="3785" height="539" />
    <size key="GridCell.Tab.0.center.0.0.3840.1600@120dpi" width="3785" height="539" />
    <size key="GridCell.Tab.0.right.0.0.3840.1600@120dpi" width="3785" height="539" />
    <size key="GridCell.Tab.0.bottom.0.0.3840.1600@120dpi" width="3785" height="539" />
    <size key="GridCell.Tab.1.left.0.0.3840.1600@120dpi" width="2630" height="539" />
    <size key="GridCell.Tab.1.center.0.0.3840.1600@120dpi" width="2630" height="539" />
    <size key="GridCell.Tab.1.right.0.0.3840.1600@120dpi" width="2630" height="539" />
    <size key="GridCell.Tab.1.bottom.0.0.3840.1600@120dpi" width="2630" height="539" />
    <size key="GridCell.Tab.2.left.0.0.3840.1600@120dpi" width="3785" height="539" />
    <size key="GridCell.Tab.2.center.0.0.3840.1600@120dpi" width="3785" height="539" />
    <size key="GridCell.Tab.2.right.0.0.3840.1600@120dpi" width="3785" height="539" />
    <size key="GridCell.Tab.2.bottom.0.0.3840.1600@120dpi" width="3785" height="539" />
    <size key="GridCell.Tab.116.left.0.0.3840.1600" width="3795" height="401" />
    <size key="GridCell.Tab.116.center.0.0.3840.1600" width="3795" height="401" />
    <size key="GridCell.Tab.116.right.0.0.3840.1600" width="3795" height="401" />
    <size key="GridCell.Tab.116.bottom.0.0.3840.1600" width="3795" height="401" />
    <size key="GridCell.Tab.117.left.0.0.3840.1600" width="3795" height="401" />
    <size key="GridCell.Tab.117.center.0.0.3840.1600" width="3795" height="401" />
    <size key="GridCell.Tab.117.right.0.0.3840.1600" width="3795" height="401" />
    <size key="GridCell.Tab.117.bottom.0.0.3840.1600" width="3795" height="401" />
    <size key="GridCell.Tab.116.left.0.0.3440.1440" width="3395" height="408" />
    <size key="GridCell.Tab.116.center.0.0.3440.1440" width="3395" height="408" />
    <size key="GridCell.Tab.116.right.0.0.3440.1440" width="3395" height="408" />
    <size key="GridCell.Tab.116.bottom.0.0.3440.1440" width="3395" height="408" />
    <size key="GridCell.Tab.117.left.0.0.3440.1440" width="1422" height="453" />
    <size key="GridCell.Tab.117.center.0.0.3440.1440" width="1422" height="453" />
    <size key="GridCell.Tab.117.right.0.0.3440.1440" width="1422" height="453" />
    <size key="GridCell.Tab.117.bottom.0.0.3440.1440" width="1422" height="453" />
    <size key="GridCell.Tab.118.left.0.0.3440.1440" width="1422" height="453" />
    <size key="GridCell.Tab.118.center.0.0.3440.1440" width="1422" height="453" />
    <size key="GridCell.Tab.118.right.0.0.3440.1440" width="1422" height="453" />
    <size key="GridCell.Tab.118.bottom.0.0.3440.1440" width="1422" height="453" />
    <size key="GridCell.Tab.119.left.0.0.3440.1440" width="1676" height="453" />
    <size key="GridCell.Tab.119.center.0.0.3440.1440" width="1676" height="453" />
    <size key="GridCell.Tab.119.right.0.0.3440.1440" width="1676" height="453" />
    <size key="GridCell.Tab.119.bottom.0.0.3440.1440" width="1676" height="453" />
    <size key="GridCell.Tab.120.left.0.0.3440.1440" width="1676" height="453" />
    <size key="GridCell.Tab.120.center.0.0.3440.1440" width="1676" height="453" />
    <size key="GridCell.Tab.120.right.0.0.3440.1440" width="1676" height="453" />
    <size key="GridCell.Tab.120.bottom.0.0.3440.1440" width="1676" height="453" />
    <size key="GridCell.Tab.121.left.0.0.3440.1440" width="1676" height="453" />
    <size key="GridCell.Tab.121.center.0.0.3440.1440" width="1676" height="453" />
    <size key="GridCell.Tab.121.right.0.0.3440.1440" width="1676" height="453" />
    <size key="GridCell.Tab.121.bottom.0.0.3440.1440" width="1676" height="453" />
    <size key="GridCell.Tab.122.left.0.0.3440.1440" width="2360" height="408" />
    <size key="GridCell.Tab.122.center.0.0.3440.1440" width="2360" height="408" />
    <size key="GridCell.Tab.122.right.0.0.3440.1440" width="2360" height="408" />
    <size key="GridCell.Tab.122.bottom.0.0.3440.1440" width="2360" height="408" />
    <size key="GridCell.Tab.123.left.0.0.3440.1440" width="1676" height="453" />
    <size key="GridCell.Tab.123.center.0.0.3440.1440" width="1676" height="453" />
    <size key="GridCell.Tab.123.right.0.0.3440.1440" width="1676" height="453" />
    <size key="GridCell.Tab.123.bottom.0.0.3440.1440" width="1676" height="453" />
    <size key="GridCell.Tab.124.left.0.0.3440.1440" width="1676" height="453" />
    <size key="GridCell.Tab.124.center.0.0.3440.1440" width="1676" height="453" />
    <size key="GridCell.Tab.124.right.0.0.3440.1440" width="1676" height="453" />
    <size key="GridCell.Tab.124.bottom.0.0.3440.1440" width="1676" height="453" />
    <size key="GridCell.Tab.8.left.0.0.3440.1440" width="3313" height="394" />
    <size key="GridCell.Tab.8.center.0.0.3440.1440" width="3313" height="394" />
    <size key="GridCell.Tab.8.right.0.0.3440.1440" width="3313" height="394" />
    <size key="GridCell.Tab.8.bottom.0.0.3440.1440" width="3313" height="394" />
    <size key="GridCell.Tab.9.left.0.0.3440.1440" width="3313" height="713" />
    <size key="GridCell.Tab.9.center.0.0.3440.1440" width="3313" height="713" />
    <size key="GridCell.Tab.9.right.0.0.3440.1440" width="3313" height="713" />
    <size key="GridCell.Tab.9.bottom.0.0.3440.1440" width="3313" height="713" />
    <size key="GridCell.Tab.118.left.0.0.3840.1600" width="3795" height="401" />
    <size key="GridCell.Tab.118.center.0.0.3840.1600" width="3795" height="401" />
    <size key="GridCell.Tab.118.right.0.0.3840.1600" width="3795" height="401" />
    <size key="GridCell.Tab.118.bottom.0.0.3840.1600" width="3795" height="401" />
    <size key="GridCell.Tab.119.left.0.0.3840.1600" width="1382" height="408" />
    <size key="GridCell.Tab.119.center.0.0.3840.1600" width="1382" height="408" />
    <size key="GridCell.Tab.119.right.0.0.3840.1600" width="1382" height="408" />
    <size key="GridCell.Tab.119.bottom.0.0.3840.1600" width="1382" height="408" />
    <size key="GridCell.Tab.120.left.0.0.3840.1600" width="1382" height="408" />
    <size key="GridCell.Tab.120.center.0.0.3840.1600" width="1382" height="408" />
    <size key="GridCell.Tab.120.right.0.0.3840.1600" width="1382" height="408" />
    <size key="GridCell.Tab.120.bottom.0.0.3840.1600" width="1382" height="408" />
    <size key="GridCell.Tab.121.left.0.0.3840.1600" width="1382" height="408" />
    <size key="GridCell.Tab.121.center.0.0.3840.1600" width="1382" height="408" />
    <size key="GridCell.Tab.121.right.0.0.3840.1600" width="1382" height="408" />
    <size key="GridCell.Tab.121.bottom.0.0.3840.1600" width="1382" height="408" />
    <size key="GridCell.Tab.122.left.0.0.3840.1600" width="1382" height="408" />
    <size key="GridCell.Tab.122.center.0.0.3840.1600" width="1382" height="408" />
    <size key="GridCell.Tab.122.right.0.0.3840.1600" width="1382" height="408" />
    <size key="GridCell.Tab.122.bottom.0.0.3840.1600" width="1382" height="408" />
    <size key="GridCell.Tab.123.left.0.0.3840.1600" width="1382" height="408" />
    <size key="GridCell.Tab.123.center.0.0.3840.1600" width="1382" height="408" />
    <size key="GridCell.Tab.123.right.0.0.3840.1600" width="1382" height="408" />
    <size key="GridCell.Tab.123.bottom.0.0.3840.1600" width="1382" height="408" />
    <size key="GridCell.Tab.124.left.0.0.3840.1600" width="2831" height="408" />
    <size key="GridCell.Tab.124.center.0.0.3840.1600" width="2831" height="408" />
    <size key="GridCell.Tab.124.right.0.0.3840.1600" width="2831" height="408" />
    <size key="GridCell.Tab.124.bottom.0.0.3840.1600" width="2831" height="408" />
    <size key="GridCell.Tab.125.left.0.0.3440.1440" width="1676" height="453" />
    <size key="GridCell.Tab.125.center.0.0.3440.1440" width="1676" height="453" />
    <size key="GridCell.Tab.125.right.0.0.3440.1440" width="1676" height="453" />
    <size key="GridCell.Tab.125.bottom.0.0.3440.1440" width="1676" height="453" />
    <size key="GridCell.Tab.126.left.0.0.3440.1440" width="1676" height="453" />
    <size key="GridCell.Tab.126.center.0.0.3440.1440" width="1676" height="453" />
    <size key="GridCell.Tab.126.right.0.0.3440.1440" width="1676" height="453" />
    <size key="GridCell.Tab.126.bottom.0.0.3440.1440" width="1676" height="453" />
    <size key="GridCell.Tab.127.left.0.0.3440.1440" width="1676" height="453" />
    <size key="GridCell.Tab.127.center.0.0.3440.1440" width="1676" height="453" />
    <size key="GridCell.Tab.127.right.0.0.3440.1440" width="1676" height="453" />
    <size key="GridCell.Tab.127.bottom.0.0.3440.1440" width="1676" height="453" />
    <size key="GridCell.Tab.128.left.0.0.3440.1440" width="1676" height="453" />
    <size key="GridCell.Tab.128.center.0.0.3440.1440" width="1676" height="453" />
    <size key="GridCell.Tab.128.right.0.0.3440.1440" width="1676" height="453" />
    <size key="GridCell.Tab.128.bottom.0.0.3440.1440" width="1676" height="453" />
    <size key="GridCell.Tab.129.left.0.0.3440.1440" width="1676" height="453" />
    <size key="GridCell.Tab.129.center.0.0.3440.1440" width="1676" height="453" />
    <size key="GridCell.Tab.129.right.0.0.3440.1440" width="1676" height="453" />
    <size key="GridCell.Tab.129.bottom.0.0.3440.1440" width="1676" height="453" />
    <size key="GridCell.Tab.130.left.0.0.3440.1440" width="3395" height="453" />
    <size key="GridCell.Tab.130.center.0.0.3440.1440" width="3395" height="453" />
    <size key="GridCell.Tab.130.right.0.0.3440.1440" width="3395" height="453" />
    <size key="GridCell.Tab.130.bottom.0.0.3440.1440" width="3395" height="453" />
    <size key="GridCell.Tab.131.left.0.0.3440.1440" width="3395" height="453" />
    <size key="GridCell.Tab.131.center.0.0.3440.1440" width="3395" height="453" />
    <size key="GridCell.Tab.131.right.0.0.3440.1440" width="3395" height="453" />
    <size key="GridCell.Tab.131.bottom.0.0.3440.1440" width="3395" height="453" />
    <size key="GridCell.Tab.130.left.0.0.3840.1600" width="3795" height="591" />
    <size key="GridCell.Tab.130.center.0.0.3840.1600" width="3795" height="591" />
    <size key="GridCell.Tab.130.right.0.0.3840.1600" width="3795" height="591" />
    <size key="GridCell.Tab.130.bottom.0.0.3840.1600" width="3795" height="591" />
    <size key="GridCell.Tab.131.left.0.0.3840.1600" width="3795" height="591" />
    <size key="GridCell.Tab.131.center.0.0.3840.1600" width="3795" height="591" />
    <size key="GridCell.Tab.131.right.0.0.3840.1600" width="3795" height="591" />
    <size key="GridCell.Tab.131.bottom.0.0.3840.1600" width="3795" height="591" />
    <size key="GridCell.Tab.132.left.0.0.3840.1600" width="3795" height="591" />
    <size key="GridCell.Tab.132.center.0.0.3840.1600" width="3795" height="591" />
    <size key="GridCell.Tab.132.right.0.0.3840.1600" width="3795" height="591" />
    <size key="GridCell.Tab.132.bottom.0.0.3840.1600" width="3795" height="591" />
    <size key="GridCell.Tab.133.left.0.0.3840.1600" width="3795" height="591" />
    <size key="GridCell.Tab.133.center.0.0.3840.1600" width="3795" height="591" />
    <size key="GridCell.Tab.133.right.0.0.3840.1600" width="3795" height="591" />
    <size key="GridCell.Tab.133.bottom.0.0.3840.1600" width="3795" height="591" />
    <size key="GridCell.Tab.134.left.0.0.3840.1600" width="3795" height="591" />
    <size key="GridCell.Tab.134.center.0.0.3840.1600" width="3795" height="591" />
    <size key="GridCell.Tab.134.right.0.0.3840.1600" width="3795" height="591" />
    <size key="GridCell.Tab.134.bottom.0.0.3840.1600" width="3795" height="591" />
    <size key="GridCell.Tab.135.left.0.0.3840.1600" width="3795" height="591" />
    <size key="GridCell.Tab.135.center.0.0.3840.1600" width="3795" height="591" />
    <size key="GridCell.Tab.135.right.0.0.3840.1600" width="3795" height="591" />
    <size key="GridCell.Tab.135.bottom.0.0.3840.1600" width="3795" height="591" />
    <size key="GridCell.Tab.136.left.0.0.3840.1600" width="3795" height="591" />
    <size key="GridCell.Tab.136.center.0.0.3840.1600" width="3795" height="591" />
    <size key="GridCell.Tab.136.right.0.0.3840.1600" width="3795" height="591" />
    <size key="GridCell.Tab.136.bottom.0.0.3840.1600" width="3795" height="591" />
    <size key="GridCell.Tab.137.left.0.0.3840.1600" width="3795" height="591" />
    <size key="GridCell.Tab.137.center.0.0.3840.1600" width="3795" height="591" />
    <size key="GridCell.Tab.137.right.0.0.3840.1600" width="3795" height="591" />
    <size key="GridCell.Tab.137.bottom.0.0.3840.1600" width="3795" height="591" />
    <size key="GridCell.Tab.138.left.0.0.3840.1600" width="3795" height="591" />
    <size key="GridCell.Tab.138.center.0.0.3840.1600" width="3795" height="591" />
    <size key="GridCell.Tab.138.right.0.0.3840.1600" width="3795" height="591" />
    <size key="GridCell.Tab.138.bottom.0.0.3840.1600" width="3795" height="591" />
    <size key="GridCell.Tab.139.left.0.0.3840.1600" width="3795" height="591" />
    <size key="GridCell.Tab.139.center.0.0.3840.1600" width="3795" height="591" />
    <size key="GridCell.Tab.139.right.0.0.3840.1600" width="3795" height="591" />
    <size key="GridCell.Tab.139.bottom.0.0.3840.1600" width="3795" height="591" />
    <size key="GridCell.Tab.140.left.0.0.3840.1600" width="3795" height="591" />
    <size key="GridCell.Tab.140.center.0.0.3840.1600" width="3795" height="591" />
    <size key="GridCell.Tab.140.right.0.0.3840.1600" width="3795" height="591" />
    <size key="GridCell.Tab.140.bottom.0.0.3840.1600" width="3795" height="591" />
    <size key="GridCell.Tab.141.left.0.0.3840.1600" width="3795" height="591" />
    <size key="GridCell.Tab.141.center.0.0.3840.1600" width="3795" height="591" />
    <size key="GridCell.Tab.141.right.0.0.3840.1600" width="3795" height="591" />
    <size key="GridCell.Tab.141.bottom.0.0.3840.1600" width="3795" height="591" />
    <size key="GridCell.Tab.142.left.0.0.3840.1600" width="3795" height="591" />
    <size key="GridCell.Tab.142.center.0.0.3840.1600" width="3795" height="591" />
    <size key="GridCell.Tab.142.right.0.0.3840.1600" width="3795" height="591" />
    <size key="GridCell.Tab.142.bottom.0.0.3840.1600" width="3795" height="591" />
    <size key="GridCell.Tab.143.left.0.0.3840.1600" width="3795" height="591" />
    <size key="GridCell.Tab.143.center.0.0.3840.1600" width="3795" height="591" />
    <size key="GridCell.Tab.143.right.0.0.3840.1600" width="3795" height="591" />
    <size key="GridCell.Tab.143.bottom.0.0.3840.1600" width="3795" height="591" />
    <size key="GridCell.Tab.144.left.0.0.3840.1600" width="3795" height="591" />
    <size key="GridCell.Tab.144.center.0.0.3840.1600" width="3795" height="591" />
    <size key="GridCell.Tab.144.right.0.0.3840.1600" width="3795" height="591" />
    <size key="GridCell.Tab.144.bottom.0.0.3840.1600" width="3795" height="591" />
    <size key="GridCell.Tab.145.left.0.0.3840.1600" width="3795" height="591" />
    <size key="GridCell.Tab.145.center.0.0.3840.1600" width="3795" height="591" />
    <size key="GridCell.Tab.145.right.0.0.3840.1600" width="3795" height="591" />
    <size key="GridCell.Tab.145.bottom.0.0.3840.1600" width="3795" height="591" />
    <size key="GridCell.Tab.146.left.0.0.3840.1600" width="3795" height="591" />
    <size key="GridCell.Tab.146.center.0.0.3840.1600" width="3795" height="591" />
    <size key="GridCell.Tab.146.right.0.0.3840.1600" width="3795" height="591" />
    <size key="GridCell.Tab.146.bottom.0.0.3840.1600" width="3795" height="591" />
    <size key="GridCell.Tab.147.left.0.0.3840.1600" width="3795" height="500" />
    <size key="GridCell.Tab.147.center.0.0.3840.1600" width="3795" height="500" />
    <size key="GridCell.Tab.147.right.0.0.3840.1600" width="3795" height="500" />
    <size key="GridCell.Tab.147.bottom.0.0.3840.1600" width="3795" height="500" />
    <size key="GridCell.Tab.148.left.0.0.3840.1600" width="3795" height="500" />
    <size key="GridCell.Tab.148.center.0.0.3840.1600" width="3795" height="500" />
    <size key="GridCell.Tab.148.right.0.0.3840.1600" width="3795" height="500" />
    <size key="GridCell.Tab.148.bottom.0.0.3840.1600" width="3795" height="500" />
    <size key="GridCell.Tab.149.left.0.0.3840.1600" width="3795" height="500" />
    <size key="GridCell.Tab.149.center.0.0.3840.1600" width="3795" height="500" />
    <size key="GridCell.Tab.149.right.0.0.3840.1600" width="3795" height="500" />
    <size key="GridCell.Tab.149.bottom.0.0.3840.1600" width="3795" height="500" />
    <size key="GridCell.Tab.147.left.0.0.3440.1440" width="3395" height="566" />
    <size key="GridCell.Tab.147.center.0.0.3440.1440" width="3395" height="566" />
    <size key="GridCell.Tab.147.right.0.0.3440.1440" width="3395" height="566" />
    <size key="GridCell.Tab.147.bottom.0.0.3440.1440" width="3395" height="566" />
    <size key="GridCell.Tab.149.left.0.0.3440.1440" width="3395" height="566" />
    <size key="GridCell.Tab.149.center.0.0.3440.1440" width="3395" height="566" />
    <size key="GridCell.Tab.149.right.0.0.3440.1440" width="3395" height="566" />
    <size key="GridCell.Tab.149.bottom.0.0.3440.1440" width="3395" height="566" />
    <size key="GridCell.Tab.150.left.0.0.3440.1440" width="3395" height="566" />
    <size key="GridCell.Tab.150.center.0.0.3440.1440" width="3395" height="566" />
    <size key="GridCell.Tab.150.right.0.0.3440.1440" width="3395" height="566" />
    <size key="GridCell.Tab.150.bottom.0.0.3440.1440" width="3395" height="566" />
    <size key="GridCell.Tab.151.left.0.0.3440.1440" width="3395" height="566" />
    <size key="GridCell.Tab.151.center.0.0.3440.1440" width="3395" height="566" />
    <size key="GridCell.Tab.151.right.0.0.3440.1440" width="3395" height="566" />
    <size key="GridCell.Tab.151.bottom.0.0.3440.1440" width="3395" height="566" />
    <size key="GridCell.Tab.152.left.0.0.3440.1440" width="3395" height="566" />
    <size key="GridCell.Tab.152.center.0.0.3440.1440" width="3395" height="566" />
    <size key="GridCell.Tab.152.right.0.0.3440.1440" width="3395" height="566" />
    <size key="GridCell.Tab.152.bottom.0.0.3440.1440" width="3395" height="566" />
    <size key="GridCell.Tab.153.left.0.0.3840.1600" width="1876" height="566" />
    <size key="GridCell.Tab.153.center.0.0.3840.1600" width="1876" height="566" />
    <size key="GridCell.Tab.153.right.0.0.3840.1600" width="1876" height="566" />
    <size key="GridCell.Tab.153.bottom.0.0.3840.1600" width="1876" height="566" />
    <size key="GridCell.Tab.154.left.0.0.3840.1600" width="3795" height="566" />
    <size key="GridCell.Tab.154.center.0.0.3840.1600" width="3795" height="566" />
    <size key="GridCell.Tab.154.right.0.0.3840.1600" width="3795" height="566" />
    <size key="GridCell.Tab.154.bottom.0.0.3840.1600" width="3795" height="566" />
    <size key="GridCell.Tab.155.left.0.0.3840.1600" width="1919" height="566" />
    <size key="GridCell.Tab.155.center.0.0.3840.1600" width="1919" height="566" />
    <size key="GridCell.Tab.155.right.0.0.3840.1600" width="1919" height="566" />
    <size key="GridCell.Tab.155.bottom.0.0.3840.1600" width="1919" height="566" />
    <size key="GridCell.Tab.156.left.0.0.3840.1600" width="1919" height="566" />
    <size key="GridCell.Tab.156.center.0.0.3840.1600" width="1919" height="566" />
    <size key="GridCell.Tab.156.right.0.0.3840.1600" width="1919" height="566" />
    <size key="GridCell.Tab.156.bottom.0.0.3840.1600" width="1919" height="566" />
    <size key="GridCell.Tab.157.left.0.0.3840.1600" width="3795" height="594" />
    <size key="GridCell.Tab.157.center.0.0.3840.1600" width="3795" height="594" />
    <size key="GridCell.Tab.157.right.0.0.3840.1600" width="3795" height="594" />
    <size key="GridCell.Tab.157.bottom.0.0.3840.1600" width="3795" height="594" />
    <size key="GridCell.Tab.158.left.0.0.3840.1600" width="3795" height="509" />
    <size key="GridCell.Tab.158.center.0.0.3840.1600" width="3795" height="509" />
    <size key="GridCell.Tab.158.right.0.0.3840.1600" width="3795" height="509" />
    <size key="GridCell.Tab.158.bottom.0.0.3840.1600" width="3795" height="509" />
    <size key="GridCell.Tab.159.left.0.0.3840.1600" width="3795" height="716" />
    <size key="GridCell.Tab.159.center.0.0.3840.1600" width="3795" height="716" />
    <size key="GridCell.Tab.159.right.0.0.3840.1600" width="3795" height="716" />
    <size key="GridCell.Tab.159.bottom.0.0.3840.1600" width="3795" height="716" />
    <size key="GridCell.Tab.157.left.0.0.3440.1440" width="3395" height="594" />
    <size key="GridCell.Tab.157.center.0.0.3440.1440" width="3395" height="594" />
    <size key="GridCell.Tab.157.right.0.0.3440.1440" width="3395" height="594" />
    <size key="GridCell.Tab.157.bottom.0.0.3440.1440" width="3395" height="594" />
    <size key="GridCell.Tab.158.left.0.0.1920.1080" width="1875" height="247" />
    <size key="GridCell.Tab.158.center.0.0.1920.1080" width="1875" height="247" />
    <size key="GridCell.Tab.158.right.0.0.1920.1080" width="1875" height="247" />
    <size key="GridCell.Tab.158.bottom.0.0.1920.1080" width="1875" height="247" />
    <size key="GridCell.Tab.159.left.0.0.1920.1080" width="1875" height="247" />
    <size key="GridCell.Tab.159.center.0.0.1920.1080" width="1875" height="247" />
    <size key="GridCell.Tab.159.right.0.0.1920.1080" width="1875" height="247" />
    <size key="GridCell.Tab.159.bottom.0.0.1920.1080" width="1875" height="247" />
    <size key="GridCell.Tab.160.left.0.0.3840.1600" width="1876" height="633" />
    <size key="GridCell.Tab.160.center.0.0.3840.1600" width="1876" height="633" />
    <size key="GridCell.Tab.160.right.0.0.3840.1600" width="1876" height="633" />
    <size key="GridCell.Tab.160.bottom.0.0.3840.1600" width="1876" height="633" />
    <size key="GridCell.Tab.161.left.0.0.3840.1600" width="2640" height="679" />
    <size key="GridCell.Tab.161.center.0.0.3840.1600" width="2640" height="679" />
    <size key="GridCell.Tab.161.right.0.0.3840.1600" width="2640" height="679" />
    <size key="GridCell.Tab.161.bottom.0.0.3840.1600" width="2640" height="679" />
    <size key="GridCell.Tab.162.left.0.0.3840.1600" width="2640" height="679" />
    <size key="GridCell.Tab.162.center.0.0.3840.1600" width="2640" height="679" />
    <size key="GridCell.Tab.162.right.0.0.3840.1600" width="2640" height="679" />
    <size key="GridCell.Tab.162.bottom.0.0.3840.1600" width="2640" height="679" />
    <size key="GridCell.Tab.163.left.0.0.3840.1600" width="2640" height="679" />
    <size key="GridCell.Tab.163.center.0.0.3840.1600" width="2640" height="679" />
    <size key="GridCell.Tab.163.right.0.0.3840.1600" width="2640" height="679" />
    <size key="GridCell.Tab.163.bottom.0.0.3840.1600" width="2640" height="679" />
    <size key="GridCell.Tab.165.left.0.0.3840.1600" width="2656" height="201" />
    <size key="GridCell.Tab.165.center.0.0.3840.1600" width="2656" height="201" />
    <size key="GridCell.Tab.165.right.0.0.3840.1600" width="2656" height="201" />
    <size key="GridCell.Tab.165.bottom.0.0.3840.1600" width="2656" height="201" />
    <size key="GridCell.Tab.10.left.0.0.3440.1440" width="3313" height="713" />
    <size key="GridCell.Tab.10.center.0.0.3440.1440" width="3313" height="713" />
    <size key="GridCell.Tab.10.right.0.0.3440.1440" width="3313" height="713" />
    <size key="GridCell.Tab.10.bottom.0.0.3440.1440" width="3313" height="713" />
  </component>
  <component name="SingleStripeButtonsState">
    <id>Database</id>
    <id>Project</id>
    <id>Services</id>
  </component>
  <component name="WindowManager">
    <frame x="760" y="42" width="1165" height="1043" />
  </component>
  <component name="WindowStateApplicationService">
    <state width="606" height="209" key="ShowUsagesActions.dimensionServiceKey" timestamp="1762339673988">
      <screen x="0" y="0" width="3440" height="1440" />
    </state>
    <state width="606" height="209" key="ShowUsagesActions.dimensionServiceKey/0.0.3440.1440" timestamp="1762339673988" />
    <state width="653" height="129" key="ShowUsagesActions.dimensionServiceKey/0.0.3840.1600" timestamp="1762272273774" />
    <state width="300" height="439" key="Vcs.CompareWithSelectedRevision.Popup" timestamp="1765792760977">
      <screen x="0" y="0" width="1920" height="1080" />
    </state>
    <state width="300" height="439" key="Vcs.CompareWithSelectedRevision.Popup/0.0.1920.1080" timestamp="1765792760977" />
  </component>
</application>