<keymap version="1" name="Windows copy" parent="$default">
  <action id="ActivateServicesToolWindow">
    <keyboard-shortcut first-keystroke="alt 8" />
    <keyboard-shortcut first-keystroke="alt k" />
  </action>
  <action id="Console.Jdbc.Execute.2">
    <keyboard-shortcut first-keystroke="f5" />
  </action>
  <action id="Console.TableResult.ColumnLocalFilter">
    <keyboard-shortcut first-keystroke="ctrl f" />
  </action>
  <action id="Console.TableResult.ColumnsList">
    <keyboard-shortcut first-keystroke="ctrl f12" />
    <keyboard-shortcut first-keystroke="ctrl l" />
  </action>
  <action id="Console.TableResult.CompareCells" />
  <action id="Console.TableResult.CompareWith">
    <keyboard-shortcut first-keystroke="shift ctrl d" />
  </action>
  <action id="Console.TableResult.FindInGrid">
    <keyboard-shortcut first-keystroke="ctrl f" />
    <keyboard-shortcut first-keystroke="alt f3" />
    <keyboard-shortcut first-keystroke="shift ctrl f" />
  </action>
  <action id="Database.KeymapGroup.TableResult">
    <keyboard-shortcut first-keystroke="alt z" />
  </action>
  <action id="EditorLookupDown" />
  <action id="EditorNextWordWithSelection" />
  <action id="EditorPreviousWordWithSelection" />
  <action id="EditorScrollDown" />
  <action id="InsertLiveTemplate" />
  <action id="Macro.Focus Query Results">
    <keyboard-shortcut first-keystroke="ctrl j" />
  </action>
  <action id="MethodOverloadSwitchDown" />
  <action id="MoveEditorToOppositeTabGroup">
    <keyboard-shortcut first-keystroke="shift alt left" />
  </action>
  <action id="NextDiff">
    <keyboard-shortcut first-keystroke="f8" />
  </action>
  <action id="NextSplitter">
    <keyboard-shortcut first-keystroke="shift ctrl right" />
  </action>
  <action id="PrevSplitter">
    <keyboard-shortcut first-keystroke="shift ctrl left" />
  </action>
  <action id="PreviousDiff">
    <keyboard-shortcut first-keystroke="f7" />
  </action>
  <action id="SearchEverywhere">
    <keyboard-shortcut first-keystroke="ctrl t" />
  </action>
  <action id="SearchEverywhere.NavigateToNextGroup">
    <keyboard-shortcut first-keystroke="page_down" />
  </action>
  <action id="SelectNextOccurrence" />
  <action id="SwitchHeaderSource" />
  <action id="Vcs.UpdateProject" />
</keymap>