<code_scheme name="Default" version="173">
  <IsoSqlCodeStyleSettings version="7">
    <option name="USE_GENERAL_STYLE" value="false" />
    <option name="DISABLE_FORMATTING" value="true" />
  </IsoSqlCodeStyleSettings>
  <MSSQLCodeStyleSettings version="7">
    <option name="USE_GENERAL_STYLE" value="false" />
    <option name="QUERY_SECTION_1ST_WORD_ALIGN" value="0" />
    <option name="SELECT_EL_WRAP" value="0" />
    <option name="FROM_EL_LINE" value="1" />
    <option name="FROM_EL_WRAP" value="0" />
    <option name="FROM_WRAP_JOIN_2" value="false" />
    <option name="FROM_INDENT_JOIN" value="false" />
    <option name="FROM_ONLY_JOIN_INDENT" value="2" />
    <option name="FROM_PLACE_ON" value="11" />
  </MSSQLCodeStyleSettings>
  <codeStyleSettings language="TSQL">
    <option name="KEEP_FIRST_COLUMN_COMMENT" value="false" />
  </codeStyleSettings>
</code_scheme>